timestamp,force_N,emg_envelope_uV,hr_bpm,rpe
2026-04-18T09:30:00,140.48,70.3,70.2,
2026-04-18T09:30:01,135.42,56.4,77.8,
2026-04-18T09:30:02,132.49,36.13,71.2,
2026-04-18T09:30:03,125.08,34.73,73.7,
2026-04-18T09:30:04,125.33,46.43,76.3,
2026-04-18T09:30:05,126.71,57.53,77.0,
2026-04-18T09:30:06,6.42,5.65,77.9,
2026-04-18T09:30:07,6.34,4.65,74.6,
2026-04-18T09:30:08,6.07,3.86,74.2,
2026-04-18T09:30:09,6.98,5.6,77.8,
2026-04-18T09:30:10,131.65,70.95,77.1,
2026-04-18T09:30:11,132.76,64.27,75.4,
2026-04-18T09:30:12,131.03,35.42,74.4,
2026-04-18T09:30:13,131.09,54.88,73.9,
2026-04-18T09:30:14,125.14,65.78,75.4,
2026-04-18T09:30:15,121.44,60.08,75.2,
2026-04-18T09:30:16,6.14,4.83,72.2,
2026-04-18T09:30:17,5.63,3.96,77.7,
2026-04-18T09:30:18,6.51,5.98,75.0,
2026-04-18T09:30:19,6.07,3.77,72.9,
2026-04-18T09:30:20,131.65,55.06,75.1,
2026-04-18T09:30:21,134.02,28.67,76.2,
2026-04-18T09:30:22,126.4,60.46,77.5,
2026-04-18T09:30:23,128.32,83.87,78.6,
2026-04-18T09:30:24,123.3,64.13,77.4,
2026-04-18T09:30:25,125.35,49.64,75.5,
2026-04-18T09:30:26,7.26,6.97,77.0,
2026-04-18T09:30:27,7.74,3.29,80.0,
2026-04-18T09:30:28,7.64,5.53,79.6,
2026-04-18T09:30:29,8.89,5.08,77.6,
2026-04-18T09:30:30,140.1,35.83,73.5,10
2026-04-18T09:30:31,131.52,66.14,73.2,
2026-04-18T09:30:32,121.71,45.37,82.6,
2026-04-18T09:30:33,125.92,60.09,73.8,
2026-04-18T09:30:34,127.53,74.31,75.4,
2026-04-18T09:30:35,123.25,45.68,77.6,
2026-04-18T09:30:36,7.07,4.77,78.9,
2026-04-18T09:30:37,4.51,5.33,74.6,
2026-04-18T09:30:38,6.1,3.73,78.0,
2026-04-18T09:30:39,7.22,6.75,73.8,
2026-04-18T09:30:40,134.28,66.08,79.7,
2026-04-18T09:30:41,131.89,48.7,76.1,
2026-04-18T09:30:42,127.5,53.43,77.2,
2026-04-18T09:30:43,132.15,51.67,79.0,
2026-04-18T09:30:44,116.81,82.12,79.2,
2026-04-18T09:30:45,116.35,46.29,76.2,
2026-04-18T09:30:46,6.79,4.42,78.4,
2026-04-18T09:30:47,5.59,5.46,75.0,
2026-04-18T09:30:48,8.6,5.93,76.9,
2026-04-18T09:30:49,5.84,7.09,76.4,
2026-04-18T09:30:50,132.99,69.61,77.3,
2026-04-18T09:30:51,136.1,50.42,80.8,
2026-04-18T09:30:52,127.07,88.14,81.2,
2026-04-18T09:30:53,126.74,50.14,77.9,
2026-04-18T09:30:54,119.22,55.78,82.2,
2026-04-18T09:30:55,114.37,54.09,78.7,
2026-04-18T09:30:56,6.04,3.35,78.8,
2026-04-18T09:30:57,6.98,4.6,81.4,
2026-04-18T09:30:58,6.77,6.75,77.4,
2026-04-18T09:30:59,4.57,4.56,76.5,
2026-04-18T09:31:00,121.28,73.58,78.5,10
2026-04-18T09:31:01,128.62,73.53,83.5,
2026-04-18T09:31:02,133.03,60.32,73.5,
2026-04-18T09:31:03,125.36,65.76,81.3,
2026-04-18T09:31:04,127.02,75.91,77.7,
2026-04-18T09:31:05,121.39,75.7,73.9,
2026-04-18T09:31:06,6.62,4.73,79.4,
2026-04-18T09:31:07,7.81,2.19,83.3,
2026-04-18T09:31:08,4.85,7.02,76.1,
2026-04-18T09:31:09,7.72,5.06,77.2,
2026-04-18T09:31:10,135.67,77.34,74.6,
2026-04-18T09:31:11,126.26,64.01,79.2,
2026-04-18T09:31:12,127.65,70.31,78.6,
2026-04-18T09:31:13,124.16,73.91,78.8,
2026-04-18T09:31:14,119.85,78.33,80.7,
2026-04-18T09:31:15,114.44,62.9,80.7,
2026-04-18T09:31:16,6.36,5.75,80.7,
2026-04-18T09:31:17,5.86,3.09,81.4,
2026-04-18T09:31:18,6.33,2.55,76.2,
2026-04-18T09:31:19,8.23,6.02,80.1,
2026-04-18T09:31:20,130.66,80.97,81.4,
2026-04-18T09:31:21,127.66,75.97,81.5,
2026-04-18T09:31:22,129.04,69.53,81.7,
2026-04-18T09:31:23,121.42,74.05,81.6,
2026-04-18T09:31:24,123.66,60.32,78.8,
2026-04-18T09:31:25,122.86,86.86,81.2,
2026-04-18T09:31:26,6.54,3.84,77.6,
2026-04-18T09:31:27,6.86,4.37,81.9,
2026-04-18T09:31:28,7.33,6.91,81.6,
2026-04-18T09:31:29,5.62,2.97,84.3,
2026-04-18T09:31:30,132.13,52.15,82.1,10
2026-04-18T09:31:31,124.49,77.55,81.0,
2026-04-18T09:31:32,131.84,43.69,83.7,
2026-04-18T09:31:33,121.13,81.36,80.4,
2026-04-18T09:31:34,123.43,80.71,78.1,
2026-04-18T09:31:35,121.87,49.4,83.5,
2026-04-18T09:31:36,5.47,6.34,79.3,
2026-04-18T09:31:37,7.33,4.88,75.5,
2026-04-18T09:31:38,8.6,3.37,79.7,
2026-04-18T09:31:39,5.38,4.43,84.6,
2026-04-18T09:31:40,125.87,68.14,80.4,
2026-04-18T09:31:41,127.34,94.48,84.0,
2026-04-18T09:31:42,130.81,68.96,79.0,
2026-04-18T09:31:43,116.25,69.11,79.1,
2026-04-18T09:31:44,118.68,82.03,80.3,
2026-04-18T09:31:45,118.64,91.47,79.2,
2026-04-18T09:31:46,7.34,6.01,83.2,
2026-04-18T09:31:47,5.33,5.13,83.5,
2026-04-18T09:31:48,7.47,6.14,78.8,
2026-04-18T09:31:49,6.51,5.19,81.5,
2026-04-18T09:31:50,127.49,71.15,82.9,
2026-04-18T09:31:51,130.82,57.16,84.2,
2026-04-18T09:31:52,125.2,71.63,80.9,
2026-04-18T09:31:53,117.67,80.42,83.6,
2026-04-18T09:31:54,118.99,76.3,82.5,
2026-04-18T09:31:55,115.61,76.87,81.7,
2026-04-18T09:31:56,8.58,6.93,85.4,
2026-04-18T09:31:57,5.13,4.65,83.7,
2026-04-18T09:31:58,6.75,6.15,80.5,
2026-04-18T09:31:59,6.24,5.36,80.8,
2026-04-18T09:32:00,136.42,95.12,78.4,11
2026-04-18T09:32:01,127.02,80.16,84.1,
2026-04-18T09:32:02,127.26,73.37,83.7,
2026-04-18T09:32:03,124.28,95.0,80.2,
2026-04-18T09:32:04,124.68,78.47,84.4,
2026-04-18T09:32:05,113.83,76.16,88.0,
2026-04-18T09:32:06,7.67,4.82,82.9,
2026-04-18T09:32:07,5.68,4.22,81.2,
2026-04-18T09:32:08,5.9,3.02,83.9,
2026-04-18T09:32:09,8.33,3.29,81.6,
2026-04-18T09:32:10,127.57,73.18,82.5,
2026-04-18T09:32:11,120.26,78.77,82.5,
2026-04-18T09:32:12,128.35,108.88,79.1,
2026-04-18T09:32:13,122.39,71.28,81.9,
2026-04-18T09:32:14,121.68,90.9,84.9,
2026-04-18T09:32:15,115.3,82.04,85.1,
2026-04-18T09:32:16,7.07,3.39,87.5,
2026-04-18T09:32:17,5.77,8.35,84.3,
2026-04-18T09:32:18,6.65,6.93,85.1,
2026-04-18T09:32:19,7.47,5.59,86.2,
2026-04-18T09:32:20,126.04,67.53,82.5,
2026-04-18T09:32:21,129.42,96.13,81.0,
2026-04-18T09:32:22,125.74,115.15,84.3,
2026-04-18T09:32:23,127.38,88.1,80.8,
2026-04-18T09:32:24,121.21,85.85,84.6,
2026-04-18T09:32:25,117.58,83.21,86.6,
2026-04-18T09:32:26,5.3,5.85,86.3,
2026-04-18T09:32:27,7.11,4.21,83.1,
2026-04-18T09:32:28,7.73,3.38,85.4,
2026-04-18T09:32:29,8.1,6.11,82.8,
2026-04-18T09:32:30,126.53,78.9,87.8,11
2026-04-18T09:32:31,125.54,94.66,82.8,
2026-04-18T09:32:32,120.36,86.73,84.4,
2026-04-18T09:32:33,121.99,94.35,87.2,
2026-04-18T09:32:34,118.98,86.23,81.3,
2026-04-18T09:32:35,113.69,91.17,85.5,
2026-04-18T09:32:36,6.92,3.41,82.1,
2026-04-18T09:32:37,7.59,6.81,89.9,
2026-04-18T09:32:38,6.2,3.49,84.3,
2026-04-18T09:32:39,6.65,4.28,83.1,
2026-04-18T09:32:40,131.04,92.19,85.7,
2026-04-18T09:32:41,128.33,67.75,83.7,
2026-04-18T09:32:42,117.51,99.26,87.9,
2026-04-18T09:32:43,124.64,92.16,87.0,
2026-04-18T09:32:44,114.5,89.47,84.6,
2026-04-18T09:32:45,116.56,95.92,85.1,
2026-04-18T09:32:46,8.59,6.42,84.5,
2026-04-18T09:32:47,6.09,3.17,84.4,
2026-04-18T09:32:48,6.68,2.57,88.8,
2026-04-18T09:32:49,6.91,3.9,89.8,
2026-04-18T09:32:50,126.65,94.44,86.3,
2026-04-18T09:32:51,120.87,84.26,79.4,
2026-04-18T09:32:52,117.18,121.56,86.7,
2026-04-18T09:32:53,116.63,106.06,85.3,
2026-04-18T09:32:54,119.17,98.41,86.8,
2026-04-18T09:32:55,110.23,87.95,81.4,
2026-04-18T09:32:56,5.96,5.08,88.1,
2026-04-18T09:32:57,6.96,4.86,83.8,
2026-04-18T09:32:58,6.03,5.54,83.7,
2026-04-18T09:32:59,6.85,4.13,85.4,
2026-04-18T09:33:00,125.18,89.68,89.5,11
2026-04-18T09:33:01,126.69,89.81,84.2,
2026-04-18T09:33:02,121.46,103.14,83.7,
2026-04-18T09:33:03,115.22,103.11,92.2,
2026-04-18T09:33:04,117.68,90.6,83.6,
2026-04-18T09:33:05,117.67,95.15,87.9,
2026-04-18T09:33:06,8.25,7.8,89.4,
2026-04-18T09:33:07,8.67,5.51,80.6,
2026-04-18T09:33:08,6.45,3.84,88.9,
2026-04-18T09:33:09,6.2,4.57,84.5,
2026-04-18T09:33:10,124.36,113.3,86.0,
2026-04-18T09:33:11,128.29,101.03,89.5,
2026-04-18T09:33:12,119.89,103.71,81.2,
2026-04-18T09:33:13,122.82,123.81,84.2,
2026-04-18T09:33:14,115.83,95.66,85.5,
2026-04-18T09:33:15,109.65,125.07,87.0,
2026-04-18T09:33:16,6.24,4.89,85.7,
2026-04-18T09:33:17,8.01,7.74,89.3,
2026-04-18T09:33:18,6.7,7.29,89.6,
2026-04-18T09:33:19,8.95,4.83,91.6,
2026-04-18T09:33:20,124.4,116.55,86.2,
2026-04-18T09:33:21,119.16,95.42,90.7,
2026-04-18T09:33:22,119.16,101.94,92.6,
2026-04-18T09:33:23,111.71,114.35,86.8,
2026-04-18T09:33:24,115.81,109.66,85.8,
2026-04-18T09:33:25,112.54,110.54,92.0,
2026-04-18T09:33:26,7.14,6.21,91.2,
2026-04-18T09:33:27,6.66,4.29,86.4,
2026-04-18T09:33:28,7.26,5.17,88.0,
2026-04-18T09:33:29,7.4,5.65,86.1,
2026-04-18T09:33:30,127.63,90.72,86.5,11
2026-04-18T09:33:31,121.14,105.73,89.7,
2026-04-18T09:33:32,119.27,97.91,94.2,
2026-04-18T09:33:33,119.71,97.92,90.1,
2026-04-18T09:33:34,118.59,100.94,87.0,
2026-04-18T09:33:35,112.23,100.81,90.8,
2026-04-18T09:33:36,5.52,3.42,92.0,
2026-04-18T09:33:37,6.36,5.73,93.1,
2026-04-18T09:33:38,7.31,6.24,94.7,
2026-04-18T09:33:39,6.82,5.78,87.9,
2026-04-18T09:33:40,122.27,90.61,86.2,
2026-04-18T09:33:41,122.39,74.86,90.3,
2026-04-18T09:33:42,120.46,88.78,92.0,
2026-04-18T09:33:43,118.93,103.04,88.3,
2026-04-18T09:33:44,112.83,111.09,92.1,
2026-04-18T09:33:45,108.5,107.16,89.2,
2026-04-18T09:33:46,7.62,6.61,88.2,
2026-04-18T09:33:47,4.5,3.38,87.5,
2026-04-18T09:33:48,6.79,7.86,89.5,
2026-04-18T09:33:49,7.6,5.16,92.3,
2026-04-18T09:33:50,123.81,122.91,86.1,
2026-04-18T09:33:51,120.96,111.24,90.8,
2026-04-18T09:33:52,119.26,91.71,90.0,
2026-04-18T09:33:53,115.45,100.99,84.6,
2026-04-18T09:33:54,112.01,137.09,85.6,
2026-04-18T09:33:55,115.33,91.84,87.0,
2026-04-18T09:33:56,6.13,4.17,91.7,
2026-04-18T09:33:57,6.11,3.58,93.1,
2026-04-18T09:33:58,7.85,6.39,90.9,
2026-04-18T09:33:59,5.11,4.74,92.9,
2026-04-18T09:34:00,121.31,115.84,88.8,11
2026-04-18T09:34:01,118.46,109.4,88.1,
2026-04-18T09:34:02,120.06,122.94,88.3,
2026-04-18T09:34:03,116.65,99.06,90.1,
2026-04-18T09:34:04,108.42,114.15,87.6,
2026-04-18T09:34:05,111.67,106.88,94.6,
2026-04-18T09:34:06,6.83,4.22,95.2,
2026-04-18T09:34:07,7.68,6.48,92.8,
2026-04-18T09:34:08,6.38,6.87,91.2,
2026-04-18T09:34:09,7.32,6.69,93.9,
2026-04-18T09:34:10,123.9,106.51,91.4,
2026-04-18T09:34:11,116.87,135.71,90.7,
2026-04-18T09:34:12,115.89,119.72,87.5,
2026-04-18T09:34:13,112.67,128.56,94.5,
2026-04-18T09:34:14,112.51,122.08,90.6,
2026-04-18T09:34:15,106.93,112.69,92.3,
2026-04-18T09:34:16,5.83,4.91,91.9,
2026-04-18T09:34:17,8.6,4.77,95.5,
2026-04-18T09:34:18,7.05,2.76,95.1,
2026-04-18T09:34:19,8.08,5.24,93.2,
2026-04-18T09:34:20,119.86,117.79,93.5,
2026-04-18T09:34:21,112.87,130.35,92.9,
2026-04-18T09:34:22,119.57,119.62,92.3,
2026-04-18T09:34:23,111.03,107.08,90.9,
2026-04-18T09:34:24,110.98,135.82,90.8,
2026-04-18T09:34:25,105.96,106.24,95.7,
2026-04-18T09:34:26,7.73,5.37,93.0,
2026-04-18T09:34:27,6.44,3.67,91.9,
2026-04-18T09:34:28,6.51,4.9,93.1,
2026-04-18T09:34:29,6.74,6.05,91.8,
2026-04-18T09:34:30,126.52,123.88,92.7,13
2026-04-18T09:34:31,118.58,125.32,88.7,
2026-04-18T09:34:32,119.67,111.87,93.4,
2026-04-18T09:34:33,114.12,104.87,86.9,
2026-04-18T09:34:34,102.59,154.11,94.3,
2026-04-18T09:34:35,104.71,107.65,92.9,
2026-04-18T09:34:36,6.46,7.26,91.8,
2026-04-18T09:34:37,7.61,5.46,91.9,
2026-04-18T09:34:38,6.57,7.47,94.6,
2026-04-18T09:34:39,7.49,4.63,98.9,
2026-04-18T09:34:40,116.15,132.67,95.6,
2026-04-18T09:34:41,124.18,138.46,89.5,
2026-04-18T09:34:42,113.44,143.32,96.5,
2026-04-18T09:34:43,107.98,131.53,92.8,
2026-04-18T09:34:44,111.36,113.18,93.6,
2026-04-18T09:34:45,111.88,125.63,95.2,
2026-04-18T09:34:46,8.66,5.4,91.9,
2026-04-18T09:34:47,8.18,6.1,94.4,
2026-04-18T09:34:48,7.83,4.98,90.4,
2026-04-18T09:34:49,6.29,5.74,93.0,
2026-04-18T09:34:50,118.85,114.85,92.5,
2026-04-18T09:34:51,109.67,108.22,96.2,
2026-04-18T09:34:52,114.0,129.91,97.1,
2026-04-18T09:34:53,111.27,149.58,96.3,
2026-04-18T09:34:54,107.86,116.38,94.6,
2026-04-18T09:34:55,108.48,134.45,91.3,
2026-04-18T09:34:56,5.88,5.69,94.0,
2026-04-18T09:34:57,7.83,8.14,94.9,
2026-04-18T09:34:58,6.67,6.0,99.3,
2026-04-18T09:34:59,6.13,5.15,99.0,
2026-04-18T09:35:00,120.99,128.9,93.0,13
2026-04-18T09:35:01,116.17,132.24,99.6,
2026-04-18T09:35:02,116.66,134.74,97.9,
2026-04-18T09:35:03,112.79,135.21,90.1,
2026-04-18T09:35:04,110.27,157.24,95.7,
2026-04-18T09:35:05,106.06,124.13,96.4,
2026-04-18T09:35:06,5.37,3.5,92.5,
2026-04-18T09:35:07,7.01,3.03,94.4,
2026-04-18T09:35:08,7.84,6.74,101.8,
2026-04-18T09:35:09,7.02,4.09,95.5,
2026-04-18T09:35:10,123.29,128.35,95.7,
2026-04-18T09:35:11,116.56,131.54,95.8,
2026-04-18T09:35:12,110.43,141.33,95.3,
2026-04-18T09:35:13,108.97,137.34,97.4,
2026-04-18T09:35:14,110.53,127.84,100.8,
2026-04-18T09:35:15,107.06,123.34,98.6,
2026-04-18T09:35:16,6.87,5.5,94.6,
2026-04-18T09:35:17,6.33,6.01,92.5,
2026-04-18T09:35:18,6.37,7.15,90.7,
2026-04-18T09:35:19,7.46,4.28,99.2,
2026-04-18T09:35:20,120.31,144.16,98.4,
2026-04-18T09:35:21,113.15,136.66,96.4,
2026-04-18T09:35:22,115.14,152.85,94.9,
2026-04-18T09:35:23,110.27,150.49,94.2,
2026-04-18T09:35:24,107.08,130.67,96.1,
2026-04-18T09:35:25,105.41,102.16,95.7,
2026-04-18T09:35:26,6.77,3.8,97.3,
2026-04-18T09:35:27,5.7,6.3,92.0,
2026-04-18T09:35:28,7.87,7.28,97.7,
2026-04-18T09:35:29,8.13,6.69,94.8,
2026-04-18T09:35:30,119.36,141.41,97.1,13
2026-04-18T09:35:31,113.82,136.55,98.2,
2026-04-18T09:35:32,106.18,119.68,96.8,
2026-04-18T09:35:33,118.77,156.25,94.4,
2026-04-18T09:35:34,103.14,117.34,95.7,
2026-04-18T09:35:35,103.06,151.95,98.7,
2026-04-18T09:35:36,4.93,7.23,92.5,
2026-04-18T09:35:37,7.0,2.1,100.6,
2026-04-18T09:35:38,7.32,4.59,94.1,
2026-04-18T09:35:39,7.01,6.34,102.2,
2026-04-18T09:35:40,120.38,131.98,96.8,
2026-04-18T09:35:41,108.47,136.63,97.5,
2026-04-18T09:35:42,114.32,151.27,99.3,
2026-04-18T09:35:43,108.56,158.03,91.4,
2026-04-18T09:35:44,114.25,157.18,99.6,
2026-04-18T09:35:45,97.17,135.16,96.6,
2026-04-18T09:35:46,5.15,1.69,99.7,
2026-04-18T09:35:47,6.4,6.37,98.7,
2026-04-18T09:35:48,5.02,5.58,97.6,
2026-04-18T09:35:49,7.35,4.88,98.5,
2026-04-18T09:35:50,111.24,161.37,99.5,
2026-04-18T09:35:51,112.07,146.44,103.8,
2026-04-18T09:35:52,111.43,139.26,100.1,
2026-04-18T09:35:53,111.4,137.53,100.2,
2026-04-18T09:35:54,105.79,150.91,94.1,
2026-04-18T09:35:55,100.92,127.7,98.7,
2026-04-18T09:35:56,7.73,8.0,99.0,
2026-04-18T09:35:57,4.91,1.06,98.1,
2026-04-18T09:35:58,5.88,5.26,99.0,
2026-04-18T09:35:59,9.31,4.25,97.0,
2026-04-18T09:36:00,115.15,140.63,101.1,14
2026-04-18T09:36:01,110.32,142.33,97.9,
2026-04-18T09:36:02,109.38,134.78,97.7,
2026-04-18T09:36:03,114.45,123.74,91.8,
2026-04-18T09:36:04,109.61,138.65,96.7,
2026-04-18T09:36:05,102.06,137.26,100.5,
2026-04-18T09:36:06,5.01,1.66,98.8,
2026-04-18T09:36:07,6.19,4.5,99.7,
2026-04-18T09:36:08,8.33,4.97,98.2,
2026-04-18T09:36:09,8.53,3.9,99.4,
2026-04-18T09:36:10,114.74,147.16,103.6,
2026-04-18T09:36:11,109.92,136.39,98.9,
2026-04-18T09:36:12,109.96,154.13,94.1,
2026-04-18T09:36:13,108.31,152.42,100.2,
2026-04-18T09:36:14,108.55,125.84,96.4,
2026-04-18T09:36:15,102.97,132.51,98.1,
2026-04-18T09:36:16,6.76,4.23,97.1,
2026-04-18T09:36:17,6.34,4.71,96.2,
2026-04-18T09:36:18,5.61,5.97,97.8,
2026-04-18T09:36:19,5.66,3.99,106.4,
2026-04-18T09:36:20,113.6,162.14,102.2,
2026-04-18T09:36:21,114.16,142.56,107.1,
2026-04-18T09:36:22,109.13,132.23,103.4,
2026-04-18T09:36:23,106.18,142.37,101.6,
2026-04-18T09:36:24,106.59,169.86,100.2,
2026-04-18T09:36:25,103.29,154.98,99.4,
2026-04-18T09:36:26,6.08,7.14,99.8,
2026-04-18T09:36:27,8.28,5.25,100.7,
2026-04-18T09:36:28,7.34,5.42,100.1,
2026-04-18T09:36:29,6.68,3.23,101.5,
2026-04-18T09:36:30,111.55,151.47,107.2,14
2026-04-18T09:36:31,109.28,134.37,101.0,
2026-04-18T09:36:32,107.58,155.54,97.2,
2026-04-18T09:36:33,105.8,142.4,105.5,
2026-04-18T09:36:34,100.78,151.09,96.7,
2026-04-18T09:36:35,94.71,135.63,102.2,
2026-04-18T09:36:36,8.07,4.69,104.1,
2026-04-18T09:36:37,6.73,5.16,100.1,
2026-04-18T09:36:38,7.14,8.81,104.2,
2026-04-18T09:36:39,6.54,3.69,101.3,
2026-04-18T09:36:40,113.35,133.93,99.4,
2026-04-18T09:36:41,109.38,164.91,103.3,
2026-04-18T09:36:42,114.16,135.51,102.1,
2026-04-18T09:36:43,106.16,147.47,98.1,
2026-04-18T09:36:44,105.3,133.9,101.0,
2026-04-18T09:36:45,102.88,162.21,99.4,
2026-04-18T09:36:46,6.57,4.95,99.8,
2026-04-18T09:36:47,6.89,3.77,100.0,
2026-04-18T09:36:48,6.71,3.16,99.0,
2026-04-18T09:36:49,8.56,5.65,98.7,
2026-04-18T09:36:50,114.01,149.53,98.7,
2026-04-18T09:36:51,108.87,163.88,102.3,
2026-04-18T09:36:52,112.85,177.23,101.8,
2026-04-18T09:36:53,102.83,163.23,111.0,
2026-04-18T09:36:54,100.51,152.11,101.6,
2026-04-18T09:36:55,100.64,149.18,102.5,
2026-04-18T09:36:56,10.16,5.44,101.7,
2026-04-18T09:36:57,6.38,4.91,103.4,
2026-04-18T09:36:58,5.86,4.78,101.9,
2026-04-18T09:36:59,4.42,4.3,106.2,
2026-04-18T09:37:00,111.12,175.56,103.2,15
2026-04-18T09:37:01,103.93,181.94,103.7,
2026-04-18T09:37:02,106.44,178.11,98.4,
2026-04-18T09:37:03,102.32,181.45,105.2,
2026-04-18T09:37:04,105.3,175.57,105.3,
2026-04-18T09:37:05,101.75,175.18,103.3,
2026-04-18T09:37:06,6.04,7.26,104.1,
2026-04-18T09:37:07,4.82,3.98,100.5,
2026-04-18T09:37:08,6.48,7.1,101.5,
2026-04-18T09:37:09,7.43,2.93,104.6,
2026-04-18T09:37:10,114.45,158.68,107.8,
2026-04-18T09:37:11,113.18,176.57,100.5,
2026-04-18T09:37:12,106.18,170.06,99.8,
2026-04-18T09:37:13,101.4,175.85,99.1,
2026-04-18T09:37:14,103.8,151.87,105.5,
2026-04-18T09:37:15,104.24,164.18,105.5,
2026-04-18T09:37:16,7.0,2.74,103.0,
2026-04-18T09:37:17,6.41,6.54,104.2,
2026-04-18T09:37:18,6.15,3.72,100.4,
2026-04-18T09:37:19,7.47,4.22,102.3,
2026-04-18T09:37:20,108.98,149.19,101.3,
2026-04-18T09:37:21,104.69,165.27,97.2,
2026-04-18T09:37:22,108.88,158.32,101.4,
2026-04-18T09:37:23,106.93,177.7,104.7,
2026-04-18T09:37:24,101.59,156.67,107.7,
2026-04-18T09:37:25,97.64,173.84,103.2,
2026-04-18T09:37:26,7.04,5.29,102.7,
2026-04-18T09:37:27,6.5,2.99,107.4,
2026-04-18T09:37:28,7.19,2.86,106.6,
2026-04-18T09:37:29,5.48,8.52,105.4,
2026-04-18T09:37:30,107.34,170.38,110.7,14
2026-04-18T09:37:31,106.04,155.71,102.8,
2026-04-18T09:37:32,103.92,189.98,102.5,
2026-04-18T09:37:33,98.86,174.73,103.4,
2026-04-18T09:37:34,105.9,162.24,102.1,
2026-04-18T09:37:35,99.0,178.38,106.4,
2026-04-18T09:37:36,8.63,2.89,107.4,
2026-04-18T09:37:37,7.95,6.86,108.9,
2026-04-18T09:37:38,6.85,5.75,105.1,
2026-04-18T09:37:39,7.12,6.1,103.1,
2026-04-18T09:37:40,117.72,162.84,104.4,
2026-04-18T09:37:41,109.76,173.21,106.5,
2026-04-18T09:37:42,111.84,157.0,103.8,
2026-04-18T09:37:43,103.75,172.96,103.4,
2026-04-18T09:37:44,97.1,160.48,104.0,
2026-04-18T09:37:45,92.04,165.96,105.5,
2026-04-18T09:37:46,6.41,5.74,104.2,
2026-04-18T09:37:47,5.54,7.74,106.6,
2026-04-18T09:37:48,7.73,5.67,102.4,
2026-04-18T09:37:49,7.46,4.5,102.4,
2026-04-18T09:37:50,108.59,156.56,102.8,
2026-04-18T09:37:51,111.48,180.81,102.9,
2026-04-18T09:37:52,107.93,174.84,106.5,
2026-04-18T09:37:53,94.58,178.64,106.6,
2026-04-18T09:37:54,98.62,169.89,108.3,
2026-04-18T09:37:55,97.14,161.53,106.1,
2026-04-18T09:37:56,7.87,4.38,106.6,
2026-04-18T09:37:57,6.66,7.12,100.2,
2026-04-18T09:37:58,6.5,4.86,103.9,
2026-04-18T09:37:59,6.83,5.96,111.3,
2026-04-18T09:38:00,111.08,155.31,105.5,15
2026-04-18T09:38:01,102.89,177.09,107.3,
2026-04-18T09:38:02,99.01,182.61,104.9,
2026-04-18T09:38:03,98.69,170.65,107.8,
2026-04-18T09:38:04,96.71,190.66,107.7,
2026-04-18T09:38:05,95.14,162.11,107.3,
2026-04-18T09:38:06,6.1,5.44,110.9,
2026-04-18T09:38:07,6.01,4.06,109.6,
2026-04-18T09:38:08,5.26,5.54,106.5,
2026-04-18T09:38:09,5.84,5.99,101.8,
2026-04-18T09:38:10,106.72,161.23,107.7,
2026-04-18T09:38:11,96.7,179.69,107.1,
2026-04-18T09:38:12,97.49,191.59,104.4,
2026-04-18T09:38:13,93.35,179.85,105.4,
2026-04-18T09:38:14,100.89,196.76,107.3,
2026-04-18T09:38:15,91.81,176.91,107.5,
2026-04-18T09:38:16,6.76,6.78,110.4,
2026-04-18T09:38:17,6.06,4.26,103.1,
2026-04-18T09:38:18,8.09,7.92,109.2,
2026-04-18T09:38:19,6.26,8.05,103.9,
2026-04-18T09:38:20,106.36,175.11,106.5,
2026-04-18T09:38:21,98.85,178.64,113.2,
2026-04-18T09:38:22,98.43,186.52,107.2,
2026-04-18T09:38:23,98.85,169.98,108.0,
2026-04-18T09:38:24,95.83,178.16,106.6,
2026-04-18T09:38:25,91.97,178.21,111.2,
2026-04-18T09:38:26,7.57,2.87,108.1,
2026-04-18T09:38:27,7.34,3.45,108.4,
2026-04-18T09:38:28,8.87,6.21,108.4,
2026-04-18T09:38:29,7.46,5.09,110.6,
2026-04-18T09:38:30,105.8,167.75,105.9,15
2026-04-18T09:38:31,98.48,182.87,110.5,
2026-04-18T09:38:32,101.64,182.24,106.8,
2026-04-18T09:38:33,99.41,172.08,105.6,
2026-04-18T09:38:34,96.62,183.02,108.0,
2026-04-18T09:38:35,96.16,173.26,111.8,
2026-04-18T09:38:36,7.11,5.95,109.4,
2026-04-18T09:38:37,6.09,5.7,110.0,
2026-04-18T09:38:38,7.25,5.28,110.4,
2026-04-18T09:38:39,7.14,5.05,103.2,
2026-04-18T09:38:40,108.21,173.34,106.6,
2026-04-18T09:38:41,103.82,181.6,109.0,
2026-04-18T09:38:42,101.18,214.23,110.3,
2026-04-18T09:38:43,104.89,193.39,108.6,
2026-04-18T09:38:44,96.33,196.84,111.0,
2026-04-18T09:38:45,97.41,175.19,108.9,
2026-04-18T09:38:46,7.17,3.27,110.2,
2026-04-18T09:38:47,6.75,5.75,113.3,
2026-04-18T09:38:48,6.75,4.28,114.8,
2026-04-18T09:38:49,6.44,7.3,111.0,
2026-04-18T09:38:50,108.22,196.14,112.0,
2026-04-18T09:38:51,101.15,162.97,110.8,
2026-04-18T09:38:52,99.29,169.72,109.4,
2026-04-18T09:38:53,100.13,189.48,109.6,
2026-04-18T09:38:54,96.77,203.63,110.6,
2026-04-18T09:38:55,99.73,207.5,110.0,
2026-04-18T09:38:56,4.87,5.0,110.0,
2026-04-18T09:38:57,9.2,5.1,115.8,
2026-04-18T09:38:58,6.37,5.93,106.8,
2026-04-18T09:38:59,6.36,6.52,109.4,
2026-04-18T09:39:00,105.89,206.41,112.6,17
2026-04-18T09:39:01,105.97,189.07,109.0,
2026-04-18T09:39:02,103.03,191.14,115.7,
2026-04-18T09:39:03,94.09,188.46,112.7,
2026-04-18T09:39:04,98.08,199.08,112.8,
2026-04-18T09:39:05,101.02,191.17,111.9,
2026-04-18T09:39:06,5.97,4.2,116.9,
2026-04-18T09:39:07,6.35,2.92,109.7,
2026-04-18T09:39:08,8.75,7.77,110.5,
2026-04-18T09:39:09,7.48,3.16,111.7,
2026-04-18T09:39:10,99.38,193.05,109.4,
2026-04-18T09:39:11,103.66,201.35,109.6,
2026-04-18T09:39:12,96.35,176.54,110.3,
2026-04-18T09:39:13,95.7,202.99,115.3,
2026-04-18T09:39:14,98.2,186.71,110.5,
2026-04-18T09:39:15,92.33,191.28,108.5,
2026-04-18T09:39:16,6.76,5.63,113.3,
2026-04-18T09:39:17,7.86,4.18,110.0,
2026-04-18T09:39:18,6.52,4.53,113.0,
2026-04-18T09:39:19,6.47,3.41,112.8,
2026-04-18T09:39:20,101.72,178.83,113.8,
2026-04-18T09:39:21,95.84,180.09,113.7,
2026-04-18T09:39:22,95.27,197.18,113.3,
2026-04-18T09:39:23,98.07,200.62,112.1,
2026-04-18T09:39:24,91.65,205.9,116.2,
2026-04-18T09:39:25,95.1,187.04,111.8,
2026-04-18T09:39:26,6.23,4.84,111.0,
2026-04-18T09:39:27,5.88,5.36,112.4,
2026-04-18T09:39:28,6.22,5.64,109.7,
2026-04-18T09:39:29,5.07,7.13,107.4,
2026-04-18T09:39:30,100.64,187.14,112.8,16
2026-04-18T09:39:31,106.13,197.75,110.4,
2026-04-18T09:39:32,97.2,191.07,111.9,
2026-04-18T09:39:33,92.23,197.14,111.8,
2026-04-18T09:39:34,93.62,205.64,112.2,
2026-04-18T09:39:35,95.18,199.03,106.8,
2026-04-18T09:39:36,7.65,2.75,112.5,
2026-04-18T09:39:37,8.39,4.6,115.5,
2026-04-18T09:39:38,7.32,6.27,114.6,
2026-04-18T09:39:39,6.8,5.75,114.1,
2026-04-18T09:39:40,107.19,188.76,118.6,
2026-04-18T09:39:41,101.97,201.05,114.4,
2026-04-18T09:39:42,98.72,214.69,117.6,
2026-04-18T09:39:43,98.55,204.87,112.7,
2026-04-18T09:39:44,97.99,199.09,113.8,
2026-04-18T09:39:45,96.72,187.3,111.7,
2026-04-18T09:39:46,5.76,4.87,115.8,
2026-04-18T09:39:47,6.01,5.96,116.7,
2026-04-18T09:39:48,6.45,3.24,112.4,
2026-04-18T09:39:49,7.1,4.8,115.8,
2026-04-18T09:39:50,97.39,221.08,118.6,
2026-04-18T09:39:51,102.29,210.74,113.1,
2026-04-18T09:39:52,93.77,197.85,115.4,
2026-04-18T09:39:53,94.37,197.33,114.6,
2026-04-18T09:39:54,94.57,202.37,114.4,
2026-04-18T09:39:55,89.67,218.48,110.1,
2026-04-18T09:39:56,6.45,4.67,112.4,
2026-04-18T09:39:57,6.14,2.88,115.5,
2026-04-18T09:39:58,5.82,5.8,115.3,
2026-04-18T09:39:59,9.5,4.67,114.7,
2026-04-18T09:40:00,99.5,216.31,113.6,16
2026-04-18T09:40:01,103.11,214.0,116.9,
2026-04-18T09:40:02,100.34,203.97,123.4,
2026-04-18T09:40:03,94.19,232.25,118.3,
2026-04-18T09:40:04,93.38,223.39,112.7,
2026-04-18T09:40:05,96.06,194.83,113.5,
2026-04-18T09:40:06,7.52,5.96,113.3,
2026-04-18T09:40:07,5.32,4.79,115.7,
2026-04-18T09:40:08,5.74,6.41,115.2,
2026-04-18T09:40:09,6.68,4.08,115.7,
2026-04-18T09:40:10,103.12,231.98,114.9,
2026-04-18T09:40:11,102.16,234.38,115.5,
2026-04-18T09:40:12,94.55,204.29,116.0,
2026-04-18T09:40:13,96.29,199.28,112.3,
2026-04-18T09:40:14,93.39,218.36,111.3,
2026-04-18T09:40:15,90.12,216.46,113.5,
2026-04-18T09:40:16,6.13,4.76,117.2,
2026-04-18T09:40:17,7.45,6.19,118.7,
2026-04-18T09:40:18,6.44,1.15,118.6,
2026-04-18T09:40:19,5.23,4.12,117.0,
2026-04-18T09:40:20,96.49,218.64,114.8,
2026-04-18T09:40:21,103.19,209.8,120.6,
2026-04-18T09:40:22,94.6,209.64,114.7,
2026-04-18T09:40:23,93.49,216.33,119.0,
2026-04-18T09:40:24,91.46,207.03,116.3,
2026-04-18T09:40:25,90.19,210.62,114.6,
2026-04-18T09:40:26,7.16,7.26,116.7,
2026-04-18T09:40:27,6.74,7.41,116.0,
2026-04-18T09:40:28,6.04,5.02,116.6,
2026-04-18T09:40:29,5.82,6.61,114.7,
2026-04-18T09:40:30,103.54,203.9,122.1,17
2026-04-18T09:40:31,95.02,204.32,116.4,
2026-04-18T09:40:32,94.41,223.64,116.9,
2026-04-18T09:40:33,91.08,219.57,116.9,
2026-04-18T09:40:34,92.03,229.71,114.8,
2026-04-18T09:40:35,80.71,207.64,116.8,
2026-04-18T09:40:36,5.54,6.43,114.9,
2026-04-18T09:40:37,8.86,5.13,113.6,
2026-04-18T09:40:38,6.6,3.83,117.0,
2026-04-18T09:40:39,6.56,3.8,115.1,
2026-04-18T09:40:40,100.74,217.53,117.6,
2026-04-18T09:40:41,90.72,202.35,120.6,
2026-04-18T09:40:42,90.51,210.65,119.7,
2026-04-18T09:40:43,93.4,219.79,121.0,
2026-04-18T09:40:44,90.0,208.65,118.3,
2026-04-18T09:40:45,87.42,200.6,120.4,
2026-04-18T09:40:46,6.7,7.95,120.7,
2026-04-18T09:40:47,8.49,3.26,118.3,
2026-04-18T09:40:48,7.11,5.99,118.5,
2026-04-18T09:40:49,7.57,3.15,116.1,
2026-04-18T09:40:50,90.81,233.99,119.0,
2026-04-18T09:40:51,90.91,223.29,115.3,
2026-04-18T09:40:52,91.01,214.75,115.9,
2026-04-18T09:40:53,92.7,221.29,116.9,
2026-04-18T09:40:54,82.74,231.0,120.9,
2026-04-18T09:40:55,89.09,212.85,116.4,
2026-04-18T09:40:56,7.35,6.14,118.7,
2026-04-18T09:40:57,8.1,3.49,115.4,
2026-04-18T09:40:58,7.92,4.07,117.7,
2026-04-18T09:40:59,6.44,6.0,113.6,
2026-04-18T09:41:00,96.56,210.74,117.1,18
2026-04-18T09:41:01,98.34,215.96,117.1,
2026-04-18T09:41:02,91.44,221.16,118.7,
2026-04-18T09:41:03,87.4,236.03,113.9,
2026-04-18T09:41:04,95.02,216.13,117.9,
2026-04-18T09:41:05,89.83,206.83,116.3,
2026-04-18T09:41:06,4.92,5.13,113.3,
2026-04-18T09:41:07,7.75,5.8,117.4,
2026-04-18T09:41:08,6.78,6.25,115.1,
2026-04-18T09:41:09,6.15,3.91,123.8,
2026-04-18T09:41:10,94.26,235.9,119.7,
2026-04-18T09:41:11,98.48,233.6,124.2,
2026-04-18T09:41:12,94.68,233.6,121.6,
2026-04-18T09:41:13,88.89,219.47,117.7,
2026-04-18T09:41:14,88.62,223.16,123.4,
2026-04-18T09:41:15,85.52,214.37,117.7,
2026-04-18T09:41:16,6.76,6.07,120.0,
2026-04-18T09:41:17,5.36,2.8,116.0,
2026-04-18T09:41:18,8.38,5.01,122.5,
2026-04-18T09:41:19,4.9,4.91,122.6,
2026-04-18T09:41:20,99.6,208.86,119.5,
2026-04-18T09:41:21,93.52,216.05,125.4,
2026-04-18T09:41:22,95.12,256.58,119.6,
2026-04-18T09:41:23,94.49,228.13,120.3,
2026-04-18T09:41:24,94.71,229.31,122.0,
2026-04-18T09:41:25,85.78,247.89,123.4,
2026-04-18T09:41:26,6.83,7.37,120.5,
2026-04-18T09:41:27,7.62,2.78,121.2,
2026-04-18T09:41:28,7.05,4.01,119.6,
2026-04-18T09:41:29,8.16,4.32,124.9,
2026-04-18T09:41:30,94.3,247.52,124.0,17
2026-04-18T09:41:31,89.08,240.02,120.8,
2026-04-18T09:41:32,90.11,257.08,119.3,
2026-04-18T09:41:33,88.04,239.44,119.4,
2026-04-18T09:41:34,80.35,258.21,119.9,
2026-04-18T09:41:35,84.65,235.07,124.9,
2026-04-18T09:41:36,4.93,3.09,126.3,
2026-04-18T09:41:37,6.44,2.83,120.1,
2026-04-18T09:41:38,7.3,4.24,124.8,
2026-04-18T09:41:39,6.47,5.47,119.9,
2026-04-18T09:41:40,93.05,247.89,117.5,
2026-04-18T09:41:41,96.9,251.76,119.3,
2026-04-18T09:41:42,88.69,232.9,117.3,
2026-04-18T09:41:43,89.81,223.81,121.6,
2026-04-18T09:41:44,85.47,258.87,121.0,
2026-04-18T09:41:45,92.24,224.36,121.8,
2026-04-18T09:41:46,7.22,7.02,123.1,
2026-04-18T09:41:47,8.5,3.81,117.5,
2026-04-18T09:41:48,6.75,6.03,121.7,
2026-04-18T09:41:49,7.03,7.48,119.0,
2026-04-18T09:41:50,91.36,242.42,124.5,
2026-04-18T09:41:51,97.32,248.97,123.4,
2026-04-18T09:41:52,95.11,230.35,121.7,
2026-04-18T09:41:53,84.57,235.33,121.8,
2026-04-18T09:41:54,89.54,231.86,122.7,
2026-04-18T09:41:55,87.88,231.66,122.5,
2026-04-18T09:41:56,5.71,3.78,124.6,
2026-04-18T09:41:57,5.81,3.29,121.2,
2026-04-18T09:41:58,6.19,3.56,118.4,
2026-04-18T09:41:59,6.32,7.54,121.5,
2026-04-18T09:42:00,92.14,248.5,121.5,18
2026-04-18T09:42:01,91.0,218.11,118.8,
2026-04-18T09:42:02,89.35,232.3,122.8,
2026-04-18T09:42:03,83.16,235.47,122.5,
2026-04-18T09:42:04,85.38,259.89,125.6,
2026-04-18T09:42:05,82.78,248.08,120.5,
2026-04-18T09:42:06,8.7,4.67,119.3,
2026-04-18T09:42:07,5.55,5.96,117.2,
2026-04-18T09:42:08,8.76,6.83,120.2,
2026-04-18T09:42:09,5.14,2.65,122.7,
2026-04-18T09:42:10,92.41,256.84,123.5,
2026-04-18T09:42:11,92.38,241.92,121.2,
2026-04-18T09:42:12,87.96,258.26,125.4,
2026-04-18T09:42:13,91.57,231.64,125.4,
2026-04-18T09:42:14,85.62,233.96,124.7,
2026-04-18T09:42:15,78.45,248.17,126.2,
2026-04-18T09:42:16,5.81,5.74,125.5,
2026-04-18T09:42:17,6.03,6.09,124.9,
2026-04-18T09:42:18,7.71,6.4,122.7,
2026-04-18T09:42:19,8.76,5.31,124.3,
2026-04-18T09:42:20,81.48,225.14,125.2,
2026-04-18T09:42:21,91.79,220.26,122.8,
2026-04-18T09:42:22,87.82,251.95,121.5,
2026-04-18T09:42:23,80.03,246.6,123.3,
2026-04-18T09:42:24,84.9,253.49,120.7,
2026-04-18T09:42:25,80.8,258.3,125.9,
2026-04-18T09:42:26,5.22,4.61,125.4,
2026-04-18T09:42:27,6.69,4.89,125.4,
2026-04-18T09:42:28,7.01,1.71,121.4,
2026-04-18T09:42:29,7.83,2.82,124.4,
2026-04-18T09:42:30,91.61,249.99,124.7,19
2026-04-18T09:42:31,84.58,248.38,130.6,
2026-04-18T09:42:32,89.63,244.65,126.0,
2026-04-18T09:42:33,82.97,248.5,126.5,
2026-04-18T09:42:34,84.52,222.41,127.3,
2026-04-18T09:42:35,78.62,249.64,118.2,
2026-04-18T09:42:36,6.42,2.88,119.7,
2026-04-18T09:42:37,5.6,4.49,129.1,
2026-04-18T09:42:38,7.45,5.0,127.3,
2026-04-18T09:42:39,6.85,3.36,123.8,
2026-04-18T09:42:40,91.17,261.01,123.6,
2026-04-18T09:42:41,91.61,244.73,124.5,
