t_s,force_N
0.000,101.104
0.010,100.747
0.020,97.186
0.030,99.907
0.040,96.134
0.050,100.906
0.060,101.238
0.070,94.058
0.080,95.060
0.090,100.058
0.100,101.772
0.110,97.628
0.120,100.396
0.130,94.482
0.140,102.925
0.150,100.114
0.160,96.081
0.170,102.458
0.180,100.026
0.190,94.214
0.200,95.347
0.210,98.634
0.220,95.960
0.230,101.967
0.240,101.526
0.250,96.452
0.260,96.595
0.270,102.437
0.280,95.484
0.290,97.628
0.300,98.985
0.310,102.631
0.320,101.194
0.330,94.629
0.340,94.820
0.350,101.585
0.360,94.926
0.370,102.439
0.380,101.497
0.390,100.508
0.400,96.252
0.410,98.071
0.420,96.719
0.430,98.335
0.440,101.427
0.450,97.924
0.460,103.065
0.470,97.455
0.480,98.350
0.490,99.947
0.500,97.411
0.510,95.784
0.520,96.222
0.530,97.425
0.540,99.522
0.550,101.763
0.560,95.874
0.570,102.654
0.580,97.592
0.590,94.650
0.600,97.864
0.610,102.557
0.620,102.811
0.630,98.746
0.640,95.742
0.650,93.579
0.660,93.319
0.670,101.011
0.680,102.536
0.690,95.390
0.700,94.593
0.710,102.730
0.720,100.497
0.730,94.945
0.740,95.189
0.750,98.180
0.760,100.481
0.770,98.375
0.780,98.360
0.790,95.437
0.800,100.072
0.810,101.381
0.820,100.322
0.830,95.080
0.840,101.581
0.850,94.300
0.860,94.441
0.870,96.295
0.880,101.821
0.890,97.127
0.900,94.870
0.910,98.230
0.920,98.144
0.930,99.013
0.940,98.839
0.950,96.065
0.960,94.693
0.970,95.971
0.980,93.631
0.990,101.721
1.000,98.889
1.010,95.198
1.020,96.118
1.030,94.683
1.040,99.064
1.050,102.784
1.060,98.076
1.070,99.146
1.080,101.565
1.090,94.777
1.100,95.541
1.110,102.736
1.120,97.372
1.130,96.230
1.140,100.015
1.150,96.943
1.160,95.617
1.170,102.536
1.180,100.099
1.190,95.828
1.200,99.066
1.210,95.440
1.220,99.727
1.230,99.010
1.240,100.079
1.250,102.238
1.260,97.116
1.270,96.068
1.280,95.969
1.290,99.986
1.300,97.523
1.310,96.148
1.320,95.644
1.330,101.383
1.340,94.249
1.350,93.251
1.360,99.255
1.370,102.653
1.380,95.515
1.390,95.562
1.400,94.984
1.410,101.520
1.420,98.141
1.430,97.166
1.440,93.731
1.450,94.184
1.460,98.870
1.470,97.790
1.480,100.352
1.490,97.833
1.500,92.768
1.510,101.184
1.520,97.742
1.530,96.919
1.540,93.227
1.550,98.555
1.560,97.197
1.570,99.046
1.580,99.866
1.590,92.773
1.600,98.853
1.610,92.731
1.620,92.937
1.630,99.383
1.640,101.330
1.650,98.051
1.660,102.225
1.670,98.024
1.680,95.105
1.690,99.449
1.700,92.810
1.710,99.685
1.720,95.785
1.730,95.345
1.740,95.098
1.750,97.236
1.760,95.650
1.770,100.011
1.780,92.950
1.790,97.272
1.800,101.712
1.810,97.420
1.820,93.207
1.830,93.702
1.840,93.380
1.850,98.181
1.860,96.089
1.870,98.261
1.880,93.950
1.890,99.976
1.900,95.968
1.910,97.753
1.920,95.591
1.930,95.124
1.940,101.538
1.950,96.526
1.960,94.076
1.970,92.536
1.980,97.847
1.990,92.627
2.000,94.079
2.010,101.981
2.020,93.479
2.030,95.868
2.040,93.120
2.050,97.428
2.060,101.245
2.070,99.898
2.080,97.831
2.090,101.463
2.100,97.358
2.110,100.318
2.120,101.577
2.130,94.374
2.140,99.739
2.150,93.561
2.160,95.022
2.170,96.050
2.180,92.602
2.190,94.746
2.200,99.330
2.210,99.360
2.220,92.836
2.230,100.323
2.240,97.041
2.250,92.515
2.260,94.639
2.270,93.309
2.280,101.320
2.290,96.326
2.300,101.059
2.310,98.503
2.320,93.201
2.330,96.385
2.340,100.890
2.350,95.034
2.360,94.300
2.370,95.716
2.380,93.200
2.390,102.077
2.400,93.686
2.410,93.809
2.420,95.947
2.430,98.501
2.440,97.881
2.450,99.807
2.460,95.286
2.470,94.859
2.480,100.441
2.490,99.280
2.500,100.854
2.510,96.252
2.520,92.394
2.530,94.439
2.540,93.376
2.550,100.794
2.560,92.760
2.570,99.778
2.580,98.395
2.590,100.397
2.600,101.767
2.610,98.269
2.620,97.626
2.630,93.569
2.640,100.015
2.650,96.047
2.660,95.261
2.670,96.736
2.680,97.405
2.690,96.473
2.700,94.252
2.710,97.350
2.720,92.375
2.730,100.151
2.740,96.200
2.750,92.159
2.760,97.533
2.770,96.201
2.780,99.999
2.790,101.364
2.800,99.772
2.810,101.645
2.820,97.407
2.830,98.176
2.840,92.225
2.850,96.919
2.860,98.159
2.870,94.653
2.880,93.053
2.890,100.114
2.900,96.757
2.910,96.002
2.920,93.425
2.930,95.755
2.940,99.995
2.950,101.447
2.960,98.963
2.970,97.600
2.980,93.887
2.990,95.376
3.000,101.325
3.010,99.577
3.020,94.080
3.030,97.700
3.040,93.682
3.050,92.323
3.060,99.141
3.070,97.641
3.080,97.008
3.090,95.533
3.100,99.743
3.110,100.945
3.120,101.091
3.130,96.921
3.140,99.513
3.150,96.190
3.160,95.079
3.170,96.296
3.180,95.940
3.190,96.397
3.200,99.087
3.210,96.429
3.220,94.536
3.230,92.994
3.240,100.656
3.250,93.012
3.260,92.111
3.270,97.150
3.280,93.660
3.290,92.987
3.300,92.688
3.310,95.537
3.320,93.921
3.330,94.876
3.340,100.581
3.350,97.370
3.360,94.763
3.370,95.309
3.380,94.506
3.390,100.716
3.400,94.536
3.410,95.264
3.420,100.080
3.430,96.144
3.440,100.170
3.450,98.614
3.460,92.033
3.470,91.746
3.480,94.133
3.490,93.411
3.500,97.912
3.510,99.532
3.520,99.329
3.530,98.746
3.540,95.255
3.550,98.939
3.560,96.357
3.570,93.714
3.580,95.522
3.590,95.109
3.600,94.766
3.610,98.561
3.620,100.849
3.630,92.702
3.640,97.199
3.650,98.704
3.660,101.177
3.670,99.568
3.680,93.628
3.690,96.678
3.700,93.936
3.710,95.362
3.720,92.603
3.730,97.571
3.740,91.518
3.750,100.266
3.760,93.254
3.770,97.835
3.780,92.333
3.790,92.665
3.800,95.658
3.810,97.172
3.820,100.809
3.830,98.166
3.840,100.039
3.850,91.665
3.860,95.773
3.870,98.629
3.880,98.061
3.890,100.647
3.900,91.934
3.910,92.286
3.920,98.909
3.930,99.653
3.940,99.582
3.950,96.337
3.960,94.292
3.970,91.629
3.980,99.054
3.990,97.586
4.000,96.495
4.010,92.660
4.020,91.656
4.030,97.389
4.040,92.349
4.050,99.752
4.060,99.538
4.070,98.132
4.080,95.341
4.090,95.023
4.100,99.042
4.110,97.623
4.120,93.582
4.130,93.855
4.140,91.448
4.150,100.197
4.160,99.580
4.170,98.206
4.180,94.292
4.190,91.195
4.200,97.558
4.210,98.250
4.220,95.343
4.230,93.446
4.240,92.022
4.250,93.182
4.260,93.799
4.270,95.099
4.280,92.654
4.290,97.201
4.300,97.243
4.310,96.739
4.320,95.264
4.330,97.050
4.340,92.647
4.350,100.376
4.360,100.587
4.370,94.035
4.380,97.845
4.390,92.443
4.400,96.262
4.410,96.824
4.420,99.623
4.430,93.608
4.440,95.680
4.450,94.564
4.460,97.519
4.470,93.755
4.480,91.685
4.490,95.898
4.500,92.134
4.510,97.806
4.520,100.266
4.530,97.099
4.540,100.157
4.550,98.068
4.560,96.835
4.570,96.879
4.580,91.903
4.590,99.415
4.600,94.174
4.610,99.384
4.620,91.641
4.630,91.765
4.640,99.724
4.650,95.531
4.660,97.442
4.670,92.652
4.680,100.672
4.690,98.139
4.700,95.830
4.710,92.510
4.720,98.436
4.730,91.135
4.740,99.893
4.750,99.379
4.760,91.954
4.770,98.531
4.780,100.206
4.790,100.263
4.800,98.020
4.810,92.343
4.820,95.633
4.830,98.764
4.840,91.667
4.850,96.604
4.860,94.656
4.870,93.801
4.880,92.061
4.890,98.651
4.900,92.591
4.910,97.638
4.920,96.220
4.930,94.628
4.940,93.732
4.950,100.310
4.960,94.833
4.970,100.540
4.980,93.898
4.990,97.541
5.000,97.326
5.010,94.485
5.020,97.028
5.030,91.194
5.040,97.622
5.050,92.004
5.060,100.451
5.070,99.936
5.080,95.076
5.090,93.059
5.100,93.901
5.110,100.398
5.120,94.666
5.130,92.771
5.140,95.214
5.150,98.509
5.160,96.501
5.170,93.850
5.180,93.067
5.190,98.896
5.200,95.355
5.210,95.203
5.220,99.428
5.230,100.310
5.240,91.416
5.250,99.457
5.260,99.275
5.270,96.905
5.280,98.282
5.290,98.890
5.300,97.076
5.310,97.878
5.320,91.358
5.330,95.565
5.340,91.505
5.350,99.070
5.360,97.580
5.370,95.649
5.380,97.620
5.390,98.347
5.400,94.397
5.410,98.961
5.420,97.576
5.430,98.694
5.440,94.767
5.450,91.206
5.460,91.530
5.470,97.718
5.480,96.162
5.490,98.620
5.500,93.485
5.510,91.258
5.520,92.424
5.530,94.900
5.540,94.391
5.550,90.386
5.560,98.556
5.570,91.209
5.580,92.757
5.590,97.249
5.600,90.711
5.610,95.931
5.620,95.575
5.630,94.935
5.640,93.512
5.650,97.828
5.660,93.916
5.670,98.115
5.680,93.135
5.690,95.845
5.700,91.855
5.710,93.304
5.720,97.803
5.730,92.472
5.740,95.804
5.750,94.681
5.760,97.807
5.770,93.856
5.780,96.831
5.790,97.105
5.800,98.198
5.810,93.688
5.820,91.456
5.830,93.037
5.840,92.327
5.850,91.357
5.860,99.739
5.870,94.622
5.880,98.733
5.890,99.486
5.900,93.482
5.910,98.442
5.920,94.577
5.930,97.699
5.940,98.534
5.950,94.162
5.960,92.490
5.970,97.518
5.980,93.988
5.990,97.695
6.000,98.449
6.010,99.059
6.020,92.044
6.030,95.357
6.040,92.040
6.050,96.019
6.060,98.071
6.070,97.754
6.080,92.142
6.090,98.594
6.100,96.278
6.110,94.013
6.120,96.577
6.130,92.428
6.140,90.979
6.150,96.059
6.160,96.080
6.170,91.838
6.180,95.455
6.190,91.170
6.200,94.069
6.210,90.723
6.220,95.043
6.230,90.402
6.240,97.908
6.250,95.861
6.260,90.307
6.270,93.269
6.280,99.165
6.290,90.680
6.300,96.273
6.310,91.847
6.320,94.676
6.330,97.906
6.340,94.656
6.350,92.159
6.360,97.327
6.370,89.967
6.380,96.287
6.390,92.883
6.400,93.630
6.410,91.847
6.420,91.001
6.430,97.747
6.440,99.589
6.450,99.575
6.460,98.021
6.470,92.513
6.480,99.092
6.490,99.389
6.500,98.129
6.510,89.829
6.520,93.564
6.530,98.249
6.540,93.544
6.550,91.246
6.560,94.605
6.570,93.053
6.580,98.600
6.590,98.230
6.600,98.207
6.610,95.656
6.620,97.232
6.630,94.023
6.640,96.419
6.650,95.796
6.660,95.845
6.670,94.952
6.680,95.254
6.690,92.497
6.700,95.579
6.710,89.891
6.720,92.696
6.730,99.516
6.740,90.565
6.750,97.212
6.760,90.337
6.770,98.208
6.780,95.756
6.790,91.707
6.800,95.703
6.810,98.762
6.820,93.260
6.830,95.814
6.840,94.876
6.850,95.465
6.860,97.167
6.870,93.647
6.880,98.993
6.890,93.575
6.900,90.735
6.910,91.854
6.920,94.029
6.930,93.255
6.940,93.164
6.950,90.575
6.960,93.615
6.970,95.003
6.980,97.961
6.990,90.875
7.000,92.188
7.010,91.015
7.020,92.672
7.030,96.077
7.040,90.387
7.050,91.416
7.060,96.891
7.070,98.093
7.080,98.350
7.090,98.836
7.100,90.246
7.110,96.886
7.120,94.335
7.130,92.756
7.140,90.613
7.150,89.419
7.160,94.158
7.170,93.130
7.180,92.587
7.190,95.263
7.200,98.353
7.210,96.747
7.220,96.588
7.230,94.649
7.240,93.132
7.250,92.687
7.260,98.783
7.270,98.046
7.280,97.635
7.290,94.544
7.300,91.829
7.310,94.487
7.320,93.239
7.330,93.130
7.340,93.842
7.350,92.791
7.360,92.766
7.370,90.176
7.380,91.861
7.390,90.691
7.400,96.531
7.410,95.837
7.420,90.601
7.430,95.071
7.440,95.818
7.450,90.151
7.460,89.606
7.470,92.855
7.480,96.862
7.490,96.523
7.500,95.880
7.510,91.930
7.520,90.788
7.530,95.177
7.540,91.234
7.550,94.497
7.560,91.157
7.570,92.859
7.580,97.252
7.590,95.353
7.600,97.499
7.610,98.890
7.620,98.822
7.630,98.450
7.640,94.591
7.650,91.031
7.660,89.812
7.670,90.561
7.680,92.978
7.690,92.776
7.700,98.352
7.710,90.911
7.720,91.604
7.730,92.812
7.740,98.697
7.750,90.639
7.760,92.997
7.770,89.660
7.780,89.365
7.790,98.474
7.800,89.637
7.810,89.522
7.820,95.323
7.830,90.520
7.840,93.017
7.850,96.103
7.860,90.288
7.870,96.537
7.880,97.874
7.890,94.910
7.900,96.820
7.910,96.373
7.920,94.391
7.930,92.749
7.940,89.891
7.950,95.467
7.960,89.473
7.970,93.173
7.980,91.098
7.990,90.780
8.000,95.040
8.010,95.351
8.020,94.696
8.030,94.321
8.040,89.125
8.050,91.173
8.060,97.754
8.070,94.904
8.080,96.284
8.090,97.504
8.100,96.231
8.110,98.275
8.120,94.463
8.130,90.591
8.140,96.606
8.150,98.098
8.160,90.192
8.170,94.091
8.180,96.534
8.190,97.982
8.200,90.384
8.210,96.426
8.220,95.897
8.230,91.702
8.240,96.912
8.250,94.744
8.260,97.858
8.270,98.111
8.280,93.534
8.290,89.329
8.300,95.761
8.310,90.540
8.320,93.808
8.330,88.771
8.340,89.473
8.350,93.539
8.360,96.292
8.370,95.963
8.380,97.414
8.390,91.763
8.400,91.811
8.410,97.433
8.420,95.730
8.430,95.637
8.440,93.636
8.450,96.003
8.460,89.093
8.470,91.807
8.480,93.255
8.490,93.757
8.500,96.717
8.510,95.611
8.520,93.031
8.530,94.534
8.540,92.340
8.550,94.958
8.560,94.032
8.570,96.823
8.580,90.265
8.590,88.782
8.600,92.492
8.610,93.913
8.620,90.460
8.630,95.785
8.640,91.168
8.650,93.731
8.660,93.148
8.670,92.511
8.680,95.690
8.690,93.722
8.700,98.210
8.710,94.723
8.720,97.675
8.730,93.159
8.740,88.715
8.750,97.796
8.760,92.698
8.770,94.217
8.780,96.030
8.790,89.253
8.800,88.586
8.810,92.389
8.820,92.240
8.830,92.537
8.840,94.160
8.850,92.819
8.860,90.363
8.870,95.543
8.880,91.421
8.890,90.085
8.900,96.552
8.910,89.026
8.920,96.364
8.930,95.392
8.940,97.678
8.950,96.145
8.960,88.501
8.970,92.915
8.980,91.665
8.990,95.869
9.000,88.904
9.010,93.981
9.020,96.873
9.030,88.423
9.040,89.008
9.050,94.745
9.060,91.158
9.070,89.534
9.080,88.919
9.090,94.980
9.100,93.093
9.110,91.848
9.120,94.302
9.130,89.524
9.140,93.895
9.150,89.853
9.160,92.750
9.170,88.367
9.180,95.032
9.190,88.228
9.200,93.697
9.210,95.437
9.220,96.518
9.230,97.936
9.240,92.816
9.250,89.162
9.260,95.442
9.270,91.219
9.280,95.274
9.290,96.811
9.300,90.121
9.310,94.286
9.320,95.550
9.330,91.993
9.340,91.505
9.350,95.606
9.360,90.098
9.370,91.176
9.380,88.552
9.390,97.139
9.400,95.799
9.410,93.084
9.420,93.721
9.430,95.779
9.440,91.115
9.450,88.249
9.460,92.920
9.470,88.851
9.480,91.311
9.490,91.277
9.500,90.243
9.510,88.476
9.520,96.879
9.530,93.636
9.540,90.573
9.550,91.971
9.560,88.026
9.570,95.431
9.580,89.826
9.590,91.727
9.600,94.240
9.610,94.646
9.620,94.564
9.630,91.208
9.640,96.023
9.650,88.503
9.660,96.004
9.670,94.055
9.680,88.855
9.690,90.312
9.700,93.176
9.710,95.555
9.720,90.900
9.730,92.648
9.740,95.495
9.750,93.034
9.760,95.094
9.770,95.420
9.780,97.639
9.790,96.179
9.800,90.878
9.810,91.139
9.820,94.825
9.830,88.040
9.840,95.675
9.850,88.833
9.860,97.102
9.870,95.181
9.880,92.151
9.890,90.813
9.900,94.522
9.910,89.122
9.920,94.634
9.930,90.458
9.940,92.866
9.950,95.342
9.960,94.578
9.970,88.002
9.980,90.485
9.990,93.882
10.000,88.346
10.010,96.456
10.020,88.796
10.030,90.758
10.040,92.497
10.050,96.594
10.060,94.973
10.070,93.627
10.080,95.200
10.090,90.537
10.100,94.163
10.110,89.628
10.120,95.308
10.130,92.064
10.140,89.080
10.150,96.225
10.160,96.178
10.170,90.775
10.180,91.897
10.190,96.819
10.200,90.283
10.210,87.731
10.220,90.095
10.230,90.040
10.240,96.113
10.250,92.143
10.260,97.050
10.270,94.077
10.280,89.941
10.290,96.527
10.300,89.951
10.310,96.838
10.320,95.432
10.330,88.257
10.340,88.017
10.350,87.902
10.360,93.444
10.370,87.553
10.380,89.221
10.390,88.411
10.400,90.342
10.410,89.688
10.420,88.507
10.430,95.281
10.440,93.664
10.450,93.159
10.460,92.416
10.470,92.351
10.480,91.436
10.490,88.046
10.500,93.759
10.510,95.449
10.520,89.527
10.530,89.238
10.540,88.023
10.550,94.302
10.560,93.490
10.570,95.637
10.580,87.572
10.590,92.946
10.600,91.529
10.610,92.352
10.620,90.993
10.630,92.080
10.640,97.117
10.650,88.552
10.660,89.781
10.670,87.499
10.680,93.864
10.690,88.711
10.700,90.581
10.710,93.666
10.720,88.307
10.730,92.007
10.740,88.808
10.750,89.073
10.760,88.735
10.770,87.930
10.780,95.816
10.790,94.928
10.800,89.669
10.810,87.610
10.820,97.074
10.830,92.772
10.840,93.363
10.850,91.211
10.860,93.307
10.870,87.882
10.880,96.311
10.890,96.071
10.900,89.744
10.910,92.875
10.920,94.291
10.930,90.114
10.940,90.796
10.950,90.710
10.960,92.791
10.970,87.729
10.980,88.803
10.990,94.031
11.000,92.685
11.010,96.677
11.020,96.846
11.030,91.270
11.040,96.204
11.050,89.955
11.060,91.490
11.070,90.666
11.080,91.133
11.090,92.650
11.100,90.760
11.110,89.947
11.120,87.186
11.130,89.341
11.140,89.898
11.150,94.976
11.160,93.399
11.170,91.259
11.180,93.922
11.190,92.742
11.200,90.405
11.210,89.652
11.220,95.110
11.230,89.723
11.240,95.397
11.250,95.542
11.260,91.076
11.270,91.549
11.280,88.517
11.290,96.453
11.300,87.759
11.310,95.373
11.320,95.412
11.330,93.541
11.340,89.757
11.350,94.927
11.360,89.262
11.370,96.031
11.380,96.691
11.390,87.218
11.400,87.001
11.410,88.954
11.420,92.572
11.430,93.671
11.440,94.412
11.450,87.009
11.460,92.376
11.470,89.297
11.480,96.243
11.490,92.516
11.500,93.354
11.510,89.997
11.520,91.840
11.530,94.008
11.540,88.950
11.550,94.747
11.560,95.562
11.570,88.073
11.580,94.488
11.590,93.920
11.600,87.558
11.610,95.417
11.620,92.436
11.630,90.179
11.640,92.112
11.650,95.772
11.660,94.135
11.670,96.562
11.680,90.846
11.690,95.385
11.700,89.392
11.710,94.989
11.720,91.138
11.730,93.783
11.740,94.984
11.750,93.134
11.760,93.862
11.770,93.119
11.780,95.231
11.790,92.602
11.800,93.453
11.810,96.205
11.820,90.081
11.830,87.269
11.840,94.085
11.850,90.593
11.860,92.935
11.870,93.250
11.880,94.524
11.890,91.733
11.900,96.042
11.910,95.886
11.920,91.287
11.930,91.174
11.940,93.129
11.950,91.770
11.960,95.709
11.970,88.643
11.980,89.508
11.990,89.535
12.000,92.269
12.010,92.504
12.020,88.674
12.030,91.153
12.040,92.601
12.050,91.434
12.060,91.763
12.070,93.883
12.080,96.182
12.090,92.053
12.100,91.005
12.110,91.409
12.120,90.241
12.130,90.673
12.140,89.366
12.150,90.054
12.160,94.155
12.170,91.592
12.180,88.885
12.190,91.312
12.200,88.096
12.210,88.419
12.220,94.590
12.230,88.098
12.240,89.096
12.250,87.515
12.260,89.198
12.270,86.497
12.280,95.278
12.290,95.462
12.300,86.474
12.310,91.951
12.320,91.451
12.330,90.341
12.340,88.121
12.350,87.756
12.360,93.841
12.370,87.570
12.380,92.529
12.390,91.507
12.400,88.575
12.410,93.314
12.420,92.425
12.430,90.704
12.440,86.666
12.450,92.714
12.460,88.406
12.470,91.168
12.480,89.883
12.490,86.526
12.500,88.269
12.510,91.612
12.520,91.109
12.530,91.608
12.540,91.442
12.550,88.651
12.560,90.960
12.570,94.517
12.580,86.994
12.590,92.551
12.600,95.585
12.610,88.358
12.620,90.020
12.630,88.613
12.640,86.504
12.650,95.684
12.660,86.411
12.670,91.821
12.680,94.507
12.690,95.116
12.700,88.237
12.710,90.174
12.720,88.217
12.730,88.446
12.740,92.190
12.750,86.785
12.760,95.918
12.770,90.709
12.780,90.860
12.790,93.625
12.800,95.383
12.810,94.169
12.820,91.099
12.830,87.983
12.840,88.782
12.850,94.143
12.860,91.873
12.870,87.299
12.880,93.072
12.890,88.235
12.900,89.113
12.910,95.418
12.920,91.271
12.930,86.924
12.940,91.421
12.950,86.930
12.960,89.398
12.970,90.474
12.980,86.974
12.990,86.366
13.000,93.862
13.010,86.488
13.020,90.648
13.030,89.712
13.040,91.645
13.050,87.718
13.060,92.254
13.070,90.578
13.080,90.586
13.090,94.961
13.100,87.414
13.110,94.539
13.120,93.140
13.130,86.924
13.140,90.691
13.150,90.766
13.160,95.583
13.170,95.688
13.180,88.480
13.190,91.260
13.200,91.034
13.210,88.285
13.220,88.952
13.230,89.320
13.240,87.542
13.250,88.463
13.260,94.586
13.270,88.632
13.280,88.068
13.290,92.771
13.300,88.238
13.310,92.136
13.320,93.557
13.330,88.756
13.340,86.198
13.350,94.859
13.360,87.896
13.370,88.213
13.380,89.960
13.390,87.041
13.400,95.176
13.410,93.511
13.420,88.952
13.430,88.117
13.440,87.220
13.450,95.432
13.460,92.731
13.470,90.485
13.480,93.479
13.490,87.518
13.500,88.547
13.510,86.971
13.520,91.969
13.530,94.904
13.540,91.354
13.550,93.163
13.560,89.905
13.570,87.038
13.580,94.846
13.590,93.524
13.600,88.709
13.610,89.751
13.620,90.328
13.630,90.050
13.640,91.158
13.650,95.081
13.660,89.946
13.670,95.315
13.680,87.715
13.690,94.895
13.700,89.176
13.710,87.170
13.720,90.247
13.730,89.777
13.740,89.990
13.750,87.056
13.760,88.279
13.770,87.932
13.780,92.149
13.790,93.912
13.800,86.944
13.810,93.291
13.820,89.049
13.830,90.754
13.840,92.859
13.850,87.293
13.860,88.181
13.870,86.039
13.880,89.931
13.890,92.223
13.900,93.961
13.910,92.920
13.920,89.298
13.930,91.712
13.940,92.523
13.950,92.784
13.960,94.987
13.970,92.133
13.980,90.800
13.990,94.874
14.000,87.770
14.010,89.244
14.020,87.471
14.030,89.123
14.040,86.724
14.050,91.391
14.060,91.961
14.070,88.267
14.080,85.658
14.090,91.715
14.100,93.168
14.110,92.242
14.120,89.918
14.130,86.890
14.140,92.642
14.150,86.795
14.160,90.901
14.170,87.127
14.180,90.191
14.190,94.784
14.200,93.474
14.210,89.872
14.220,90.193
14.230,93.876
14.240,89.247
14.250,89.672
14.260,89.380
14.270,93.573
14.280,89.552
14.290,85.334
14.300,87.296
14.310,90.912
14.320,90.331
14.330,88.931
14.340,90.111
14.350,92.063
14.360,85.278
14.370,94.138
14.380,88.900
14.390,90.096
14.400,86.744
14.410,94.659
14.420,89.649
14.430,85.755
14.440,89.946
14.450,89.977
14.460,86.442
14.470,87.515
14.480,88.039
14.490,85.574
14.500,86.804
14.510,93.134
14.520,90.052
14.530,93.985
14.540,88.743
14.550,86.208
14.560,91.295
14.570,89.000
14.580,88.235
14.590,90.611
14.600,85.269
14.610,92.532
14.620,87.843
14.630,91.152
14.640,90.511
14.650,86.770
14.660,90.603
14.670,93.565
14.680,90.099
14.690,91.799
14.700,89.829
14.710,86.589
14.720,88.194
14.730,90.488
14.740,88.041
14.750,89.667
14.760,91.885
14.770,93.918
14.780,88.318
14.790,94.186
14.800,92.561
14.810,85.886
14.820,89.026
14.830,93.869
14.840,93.186
14.850,91.470
14.860,90.081
14.870,88.752
14.880,88.052
14.890,93.578
14.900,93.763
14.910,94.457
14.920,91.009
14.930,94.658
14.940,87.347
14.950,91.126
14.960,85.017
14.970,90.940
14.980,92.329
14.990,90.752
15.000,88.917
15.010,93.602
15.020,97.368
15.030,100.434
15.040,102.609
15.050,103.323
15.060,98.355
15.070,101.413
15.080,108.917
15.090,111.926
15.100,111.644
15.110,108.486
15.120,116.479
15.130,120.362
15.140,120.556
15.150,119.460
15.160,124.461
15.170,121.344
15.180,125.361
15.190,131.622
15.200,136.268
15.210,137.574
15.220,137.154
15.230,139.690
15.240,144.627
15.250,141.764
15.260,145.023
15.270,149.659
15.280,147.032
15.290,152.061
15.300,154.548
15.310,154.002
15.320,157.717
15.330,156.018
15.340,156.206
15.350,163.824
15.360,163.145
15.370,170.687
15.380,169.872
15.390,172.137
15.400,174.362
15.410,174.674
15.420,178.905
15.430,183.437
15.440,179.162
15.450,187.767
15.460,187.444
15.470,187.935
15.480,191.526
15.490,194.364
15.500,195.109
15.510,196.459
15.520,193.342
15.530,195.605
15.540,203.137
15.550,199.456
15.560,201.366
15.570,208.983
15.580,208.621
15.590,209.936
15.600,213.853
15.610,220.711
15.620,218.926
15.630,220.560
15.640,223.585
15.650,219.977
15.660,223.047
15.670,229.523
15.680,233.656
15.690,235.677
15.700,238.281
15.710,234.346
15.720,242.439
15.730,244.842
15.740,247.849
15.750,249.350
15.760,246.655
15.770,248.806
15.780,255.143
15.790,253.874
15.800,252.135
15.810,258.420
15.820,255.527
15.830,263.548
15.840,262.102
15.850,265.913
15.860,272.639
15.870,270.759
15.880,267.818
15.890,275.954
15.900,271.682
15.910,281.682
15.920,280.927
15.930,284.085
15.940,283.978
15.950,290.998
15.960,287.823
15.970,290.652
15.980,293.964
15.990,297.116
16.000,300.883
16.010,299.735
16.020,296.019
16.030,297.023
16.040,296.773
16.050,294.495
16.060,294.855
16.070,294.888
16.080,300.158
16.090,296.014
16.100,298.132
16.110,292.390
16.120,296.983
16.130,296.295
16.140,295.103
16.150,293.126
16.160,300.543
16.170,296.463
16.180,296.555
16.190,299.637
16.200,295.776
16.210,298.344
16.220,294.489
16.230,292.901
16.240,292.982
16.250,299.851
16.260,295.747
16.270,296.708
16.280,296.264
16.290,298.171
16.300,301.169
16.310,293.102
16.320,299.854
16.330,300.764
16.340,292.066
16.350,295.023
16.360,300.941
16.370,293.216
16.380,297.809
16.390,301.059
16.400,293.958
16.410,294.160
16.420,299.179
16.430,296.781
16.440,300.605
16.450,298.059
16.460,295.843
16.470,295.653
16.480,297.494
16.490,295.677
16.500,293.220
16.510,300.050
16.520,298.672
16.530,295.738
16.540,296.051
16.550,292.069
16.560,291.420
16.570,297.331
16.580,295.424
16.590,293.573
16.600,295.287
16.610,296.139
16.620,299.538
16.630,300.261
16.640,300.137
16.650,298.717
16.660,299.033
16.670,295.401
16.680,299.762
16.690,294.936
16.700,294.204
16.710,298.569
16.720,298.607
16.730,291.548
16.740,296.022
16.750,294.086
16.760,294.844
16.770,295.856
16.780,294.580
16.790,290.655
16.800,295.623
16.810,294.021
16.820,300.245
16.830,290.811
16.840,297.921
16.850,296.837
16.860,291.627
16.870,291.470
16.880,298.006
16.890,297.555
16.900,293.952
16.910,293.543
16.920,294.632
16.930,294.205
16.940,298.617
16.950,293.136
16.960,295.037
16.970,292.895
16.980,291.405
16.990,294.489
17.000,85.067
17.010,92.964
17.020,90.990
17.030,86.258
17.040,84.747
17.050,92.669
17.060,88.802
17.070,90.901
17.080,90.466
17.090,87.012
17.100,85.902
17.110,88.758
17.120,91.812
17.130,83.675
17.140,91.385
17.150,90.992
17.160,86.950
17.170,87.881
17.180,90.212
17.190,86.575
17.200,91.693
17.210,92.067
17.220,92.529
17.230,91.745
17.240,84.035
17.250,85.510
17.260,87.785
17.270,88.243
17.280,90.951
17.290,84.740
17.300,84.784
17.310,87.574
17.320,91.999
17.330,90.054
17.340,85.092
17.350,84.068
17.360,85.482
17.370,86.486
17.380,85.603
17.390,83.503
17.400,84.812
17.410,93.086
17.420,91.083
17.430,88.064
17.440,93.120
17.450,85.895
17.460,90.560
17.470,92.693
17.480,86.938
17.490,86.677
17.500,90.432
17.510,92.910
17.520,87.792
17.530,83.586
17.540,89.773
17.550,88.764
17.560,86.039
17.570,91.311
17.580,83.871
17.590,88.667
17.600,90.753
17.610,91.960
17.620,87.817
17.630,84.911
17.640,87.029
17.650,91.745
17.660,83.455
17.670,88.298
17.680,86.666
17.690,85.947
17.700,84.213
17.710,92.712
17.720,87.562
17.730,92.335
17.740,91.223
17.750,84.855
17.760,89.281
17.770,86.052
17.780,92.010
17.790,85.410
17.800,85.139
17.810,91.271
17.820,87.486
17.830,92.332
17.840,92.856
17.850,90.788
17.860,86.400
17.870,88.288
17.880,91.490
17.890,90.970
17.900,86.113
17.910,87.294
17.920,90.315
17.930,84.380
17.940,85.118
17.950,86.931
17.960,92.695
17.970,87.699
17.980,86.939
17.990,91.445
18.000,89.804
18.010,91.255
18.020,87.279
18.030,85.219
18.040,85.454
18.050,88.140
18.060,90.374
18.070,84.234
18.080,84.343
18.090,88.339
18.100,85.319
18.110,84.438
18.120,87.800
18.130,91.555
18.140,90.592
18.150,88.970
18.160,84.288
18.170,91.039
18.180,85.418
18.190,91.583
18.200,88.082
18.210,84.526
18.220,86.738
18.230,86.405
18.240,89.670
18.250,90.721
18.260,88.007
18.270,83.529
18.280,87.786
18.290,89.988
18.300,91.044
18.310,87.783
18.320,89.069
18.330,85.514
18.340,83.384
18.350,90.495
18.360,87.544
18.370,86.020
18.380,83.276
18.390,84.191
18.400,89.285
18.410,84.833
18.420,91.011
18.430,88.603
18.440,89.446
18.450,84.375
18.460,91.781
18.470,83.879
18.480,83.570
18.490,89.640
18.500,84.787
18.510,90.594
18.520,86.852
18.530,89.748
18.540,84.201
18.550,87.395
18.560,90.186
18.570,84.441
18.580,88.666
18.590,83.486
18.600,82.681
18.610,91.103
18.620,85.310
18.630,89.103
18.640,83.286
18.650,90.024
18.660,84.050
18.670,89.667
18.680,90.962
18.690,88.177
18.700,87.313
18.710,85.658
18.720,90.018
18.730,85.894
18.740,85.188
18.750,86.821
18.760,86.457
18.770,92.124
18.780,90.709
18.790,87.554
18.800,87.962
18.810,90.201
18.820,87.591
18.830,86.735
18.840,86.646
18.850,91.209
18.860,89.248
18.870,83.088
18.880,90.437
18.890,84.884
18.900,89.403
18.910,90.612
18.920,88.162
18.930,87.856
18.940,87.727
18.950,88.405
18.960,84.904
18.970,89.418
18.980,91.491
18.990,83.918
19.000,82.867
19.010,88.389
19.020,91.702
19.030,89.623
19.040,86.172
19.050,90.246
19.060,91.357
19.070,89.867
19.080,84.245
19.090,86.190
19.100,87.146
19.110,85.800
19.120,86.790
19.130,89.110
19.140,91.651
19.150,86.112
19.160,87.769
19.170,88.852
19.180,85.824
19.190,91.898
19.200,91.102
19.210,84.669
19.220,83.956
19.230,88.802
19.240,83.058
19.250,85.034
19.260,82.763
19.270,83.393
19.280,87.188
19.290,85.804
19.300,86.273
19.310,88.376
19.320,86.348
19.330,88.041
19.340,87.759
19.350,83.162
19.360,84.482
19.370,88.149
19.380,86.927
19.390,82.951
19.400,86.662
19.410,86.692
19.420,85.698
19.430,83.801
19.440,85.360
19.450,90.242
19.460,87.183
19.470,84.235
19.480,86.933
19.490,83.112
19.500,86.821
19.510,85.527
19.520,87.286
19.530,86.228
19.540,86.517
19.550,89.806
19.560,84.019
19.570,84.749
19.580,85.258
19.590,85.957
19.600,82.877
19.610,87.485
19.620,87.590
19.630,89.798
19.640,90.500
19.650,85.983
19.660,88.589
19.670,90.328
19.680,84.623
19.690,88.662
19.700,84.792
19.710,91.447
19.720,87.559
19.730,86.168
19.740,85.374
19.750,86.501
19.760,84.120
19.770,84.355
19.780,83.915
19.790,91.268
19.800,90.381
19.810,89.873
19.820,83.737
19.830,86.469
19.840,87.310
19.850,87.875
19.860,90.004
19.870,90.630
19.880,85.661
19.890,91.675
19.900,87.541
19.910,83.906
19.920,85.065
19.930,90.814
19.940,89.109
19.950,84.048
19.960,82.132
19.970,82.981
19.980,84.172
19.990,88.791
20.000,88.484
20.010,84.705
20.020,89.772
20.030,90.260
20.040,84.994
20.050,85.616
20.060,90.740
20.070,84.951
20.080,83.573
20.090,91.269
20.100,89.669
20.110,86.388
20.120,85.485
20.130,90.565
20.140,82.759
20.150,86.154
20.160,82.428
20.170,87.147
20.180,83.498
20.190,86.303
20.200,89.490
20.210,87.273
20.220,91.371
20.230,88.186
20.240,85.924
20.250,90.121
20.260,88.121
20.270,81.951
20.280,91.032
20.290,89.022
20.300,90.354
20.310,91.404
20.320,88.238
20.330,90.105
20.340,81.919
20.350,87.064
20.360,86.468
20.370,89.574
20.380,83.994
20.390,90.388
20.400,84.314
20.410,85.862
20.420,88.011
20.430,87.997
20.440,81.976
20.450,82.970
20.460,89.464
20.470,89.368
20.480,88.029
20.490,90.831
20.500,83.033
20.510,86.958
20.520,84.943
20.530,84.366
20.540,83.040
20.550,88.691
20.560,86.935
20.570,89.259
20.580,82.559
20.590,85.231
20.600,83.745
20.610,86.217
20.620,90.272
20.630,89.726
20.640,89.854
20.650,88.724
20.660,91.030
20.670,85.598
20.680,90.807
20.690,84.176
20.700,81.568
20.710,90.149
20.720,89.514
20.730,87.915
20.740,87.642
20.750,90.476
20.760,88.958
20.770,89.398
20.780,85.208
20.790,90.821
20.800,87.141
20.810,83.601
20.820,88.070
20.830,86.382
20.840,90.579
20.850,88.462
20.860,81.424
20.870,87.181
20.880,82.167
20.890,82.173
20.900,82.758
20.910,81.922
20.920,84.843
20.930,82.940
20.940,85.225
20.950,90.989
20.960,87.234
20.970,90.808
20.980,89.386
20.990,86.698
21.000,91.007
21.010,82.301
21.020,84.518
21.030,86.916
21.040,89.328
21.050,87.407
21.060,89.752
21.070,81.366
21.080,81.742
21.090,83.329
21.100,82.245
21.110,84.095
21.120,89.852
21.130,85.522
21.140,84.990
21.150,84.298
21.160,89.827
21.170,90.968
21.180,82.843
21.190,82.911
21.200,89.127
21.210,86.467
21.220,86.248
21.230,83.292
21.240,81.436
21.250,84.727
21.260,83.552
21.270,88.977
21.280,82.486
21.290,87.248
21.300,88.193
21.310,87.523
21.320,89.929
21.330,85.527
21.340,86.606
21.350,87.236
21.360,81.995
21.370,90.455
21.380,86.595
21.390,85.238
21.400,87.136
21.410,83.539
21.420,89.020
21.430,82.005
21.440,88.608
21.450,89.868
21.460,81.305
21.470,84.961
21.480,88.343
21.490,83.544
21.500,86.301
21.510,82.118
21.520,89.188
21.530,87.580
21.540,84.981
21.550,88.363
21.560,83.418
21.570,82.272
21.580,86.830
21.590,90.258
21.600,81.211
21.610,85.884
21.620,82.932
21.630,89.425
21.640,82.347
21.650,82.372
21.660,89.539
21.670,89.296
21.680,86.476
21.690,85.698
21.700,86.907
21.710,82.474
21.720,85.358
21.730,88.178
21.740,82.402
21.750,86.390
21.760,82.311
21.770,87.827
21.780,83.501
21.790,81.723
21.800,85.538
21.810,89.535
21.820,83.517
21.830,84.273
21.840,84.420
21.850,85.125
21.860,84.139
21.870,85.487
21.880,83.808
21.890,84.170
21.900,81.310
21.910,86.776
21.920,88.975
21.930,83.840
21.940,83.292
21.950,85.403
21.960,81.036
21.970,90.209
21.980,88.659
21.990,81.337
22.000,86.257
22.010,85.305
22.020,84.022
22.030,85.094
22.040,88.939
22.050,85.736
22.060,80.810
22.070,86.371
22.080,84.008
22.090,81.492
22.100,81.051
22.110,85.994
22.120,84.508
22.130,90.139
22.140,88.499
22.150,81.541
22.160,81.651
22.170,85.219
22.180,87.753
22.190,83.117
22.200,86.628
22.210,88.929
22.220,84.249
22.230,81.944
22.240,84.682
22.250,89.625
22.260,83.426
22.270,88.355
22.280,87.873
22.290,81.414
22.300,83.170
22.310,86.795
22.320,86.247
22.330,89.351
22.340,83.688
22.350,84.453
22.360,87.393
22.370,84.804
22.380,89.159
22.390,82.497
22.400,89.365
22.410,81.134
22.420,90.116
22.430,83.728
22.440,84.072
22.450,80.519
22.460,89.981
22.470,82.776
22.480,89.644
22.490,83.057
22.500,84.921
22.510,82.017
22.520,87.519
22.530,89.165
22.540,83.443
22.550,87.697
22.560,88.083
22.570,89.180
22.580,81.016
22.590,86.743
22.600,82.853
22.610,86.204
22.620,87.045
22.630,88.125
22.640,85.164
22.650,87.380
22.660,88.448
22.670,87.001
22.680,85.894
22.690,87.804
22.700,83.334
22.710,87.352
22.720,80.581
22.730,80.468
22.740,85.133
22.750,88.922
22.760,87.450
22.770,82.359
22.780,87.631
22.790,84.334
22.800,84.825
22.810,81.810
22.820,83.508
22.830,87.861
22.840,88.717
22.850,82.804
22.860,80.410
22.870,83.249
22.880,81.568
22.890,87.720
22.900,81.890
22.910,85.866
22.920,82.262
22.930,82.122
22.940,87.120
22.950,89.829
22.960,89.080
22.970,88.502
22.980,85.219
22.990,84.395
23.000,82.837
23.010,88.397
23.020,85.178
23.030,87.083
23.040,82.651
23.050,80.940
23.060,86.645
23.070,84.635
23.080,80.729
23.090,81.977
23.100,81.565
23.110,80.403
23.120,89.818
23.130,85.404
23.140,86.693
23.150,81.743
23.160,87.166
23.170,85.560
23.180,83.956
23.190,84.992
23.200,83.511
23.210,89.104
23.220,86.131
23.230,89.652
23.240,79.939
23.250,88.132
23.260,87.385
23.270,85.545
23.280,84.784
23.290,88.592
23.300,84.042
23.310,86.015
23.320,88.990
23.330,81.309
23.340,87.132
23.350,80.037
23.360,89.619
23.370,85.231
23.380,82.851
23.390,86.934
23.400,80.599
23.410,88.430
23.420,80.896
23.430,80.665
23.440,85.486
23.450,84.800
23.460,84.789
23.470,89.462
23.480,86.363
23.490,83.134
23.500,81.357
23.510,86.100
23.520,85.520
23.530,88.753
23.540,87.519
23.550,85.938
23.560,87.225
23.570,88.801
23.580,83.288
23.590,86.530
23.600,84.876
23.610,89.171
23.620,86.001
23.630,87.015
23.640,86.004
23.650,80.392
23.660,86.007
23.670,85.291
23.680,85.307
23.690,83.403
23.700,85.653
23.710,79.680
23.720,83.893
23.730,86.500
23.740,82.176
23.750,80.594
23.760,82.156
23.770,83.586
23.780,85.299
23.790,84.002
23.800,82.240
23.810,85.724
23.820,79.597
23.830,83.516
23.840,88.332
23.850,85.439
23.860,88.773
23.870,86.813
23.880,82.017
23.890,83.018
23.900,85.807
23.910,83.569
23.920,81.537
23.930,82.636
23.940,84.826
23.950,81.370
23.960,88.703
23.970,86.547
23.980,83.033
23.990,82.971
24.000,86.364
24.010,88.525
24.020,84.460
24.030,85.821
24.040,88.626
24.050,86.619
24.060,81.402
24.070,87.411
24.080,82.779
24.090,80.766
24.100,84.242
24.110,80.284
24.120,83.185
24.130,88.625
24.140,81.790
24.150,82.271
24.160,83.828
24.170,84.748
24.180,86.145
24.190,79.684
24.200,81.088
24.210,84.790
24.220,89.046
24.230,84.093
24.240,79.819
24.250,79.799
24.260,89.007
24.270,88.991
24.280,83.937
24.290,84.783
24.300,87.563
24.310,84.250
24.320,86.346
24.330,80.631
24.340,87.441
24.350,81.562
24.360,82.166
24.370,87.045
24.380,82.875
24.390,80.180
24.400,88.254
24.410,83.590
24.420,85.862
24.430,87.940
24.440,80.578
24.450,84.984
24.460,83.311
24.470,80.543
24.480,86.643
24.490,88.801
24.500,86.826
24.510,86.618
24.520,80.101
24.530,87.697
24.540,85.162
24.550,84.770
24.560,88.600
24.570,82.084
24.580,84.176
24.590,87.882
24.600,85.349
24.610,87.009
24.620,88.207
24.630,79.902
24.640,85.867
24.650,82.433
24.660,87.875
24.670,88.813
24.680,83.698
24.690,81.192
24.700,80.850
24.710,86.046
24.720,84.392
24.730,88.752
24.740,79.617
24.750,83.608
24.760,84.825
24.770,84.735
24.780,79.395
24.790,85.381
24.800,79.699
24.810,83.713
24.820,84.605
24.830,84.526
24.840,83.090
24.850,81.793
24.860,85.165
24.870,81.538
24.880,79.893
24.890,81.188
24.900,86.953
24.910,82.963
24.920,84.502
24.930,87.211
24.940,86.701
24.950,87.132
24.960,86.225
24.970,86.699
24.980,87.546
24.990,84.162
25.000,79.945
25.010,87.559
25.020,83.776
25.030,81.673
25.040,80.266
25.050,88.343
25.060,78.876
25.070,84.147
25.080,82.914
25.090,82.337
25.100,85.871
25.110,82.064
25.120,87.583
25.130,86.530
25.140,78.824
25.150,82.197
25.160,83.891
25.170,86.022
25.180,79.808
25.190,86.180
25.200,88.100
25.210,87.467
25.220,83.435
25.230,85.523
25.240,87.822
25.250,84.587
25.260,84.933
25.270,84.156
25.280,83.305
25.290,83.770
25.300,88.316
25.310,81.430
25.320,84.435
25.330,86.156
25.340,83.859
25.350,79.058
25.360,87.737
25.370,85.792
25.380,80.605
25.390,82.656
25.400,87.152
25.410,88.160
25.420,86.188
25.430,83.562
25.440,81.975
25.450,86.892
25.460,84.823
25.470,79.577
25.480,87.300
25.490,82.929
25.500,83.693
25.510,79.689
25.520,85.188
25.530,85.447
25.540,84.679
25.550,83.055
25.560,84.574
25.570,84.098
25.580,80.858
25.590,81.081
25.600,84.848
25.610,81.313
25.620,83.264
25.630,87.918
25.640,83.383
25.650,83.162
25.660,83.746
25.670,82.640
25.680,85.222
25.690,87.789
25.700,84.709
25.710,84.187
25.720,84.220
25.730,80.763
25.740,86.762
25.750,84.561
25.760,81.576
25.770,87.368
25.780,78.872
25.790,79.869
25.800,86.205
25.810,83.060
25.820,82.577
25.830,84.003
25.840,79.891
25.850,87.020
25.860,86.491
25.870,87.070
25.880,81.649
25.890,85.629
25.900,86.315
25.910,80.117
25.920,80.087
25.930,79.603
25.940,85.673
25.950,88.101
25.960,78.991
25.970,84.867
25.980,86.142
25.990,86.377
26.000,87.825
26.010,84.248
26.020,80.480
26.030,87.443
26.040,87.063
26.050,86.237
26.060,87.397
26.070,80.079
26.080,85.588
26.090,82.456
26.100,80.119
26.110,82.804
26.120,81.628
26.130,84.653
26.140,81.338
26.150,85.633
26.160,85.124
26.170,87.684
26.180,80.098
26.190,85.322
26.200,81.379
26.210,78.981
26.220,86.571
26.230,79.565
26.240,83.506
26.250,81.119
26.260,85.682
26.270,81.477
26.280,86.099
26.290,82.122
26.300,83.259
26.310,78.234
26.320,85.532
26.330,85.224
26.340,79.180
26.350,84.674
26.360,82.056
26.370,82.954
26.380,86.468
26.390,81.150
26.400,87.697
26.410,82.936
26.420,86.462
26.430,82.331
26.440,85.997
26.450,81.527
26.460,86.000
26.470,85.724
26.480,82.132
26.490,81.677
26.500,82.944
26.510,87.296
26.520,78.571
26.530,85.276
26.540,82.798
26.550,87.671
26.560,78.179
26.570,78.725
26.580,81.331
26.590,83.340
26.600,80.456
26.610,87.115
26.620,81.031
26.630,84.456
26.640,83.752
26.650,78.180
26.660,85.228
26.670,87.679
26.680,79.923
26.690,86.462
26.700,79.137
26.710,87.677
26.720,81.244
26.730,79.993
26.740,86.643
26.750,81.631
26.760,85.574
26.770,82.154
26.780,85.978
26.790,87.678
26.800,79.599
26.810,83.377
26.820,85.391
26.830,83.427
26.840,82.942
26.850,79.820
26.860,85.449
26.870,86.871
26.880,82.940
26.890,77.880
26.900,80.277
26.910,80.177
26.920,83.665
26.930,78.803
26.940,79.910
26.950,85.039
26.960,84.783
26.970,84.062
26.980,86.760
26.990,79.409
27.000,79.260
27.010,81.980
27.020,81.683
27.030,80.671
27.040,86.964
27.050,79.161
27.060,81.535
27.070,78.549
27.080,82.647
27.090,79.357
27.100,78.946
27.110,87.305
27.120,83.824
27.130,86.020
27.140,81.851
27.150,86.334
27.160,85.114
27.170,85.037
27.180,86.722
27.190,80.032
27.200,81.465
27.210,81.084
27.220,81.567
27.230,83.985
27.240,85.263
27.250,84.813
27.260,79.042
27.270,82.059
27.280,80.410
27.290,78.319
27.300,83.088
27.310,77.630
27.320,80.889
27.330,83.591
27.340,79.353
27.350,80.178
27.360,81.258
27.370,84.409
27.380,85.802
27.390,81.633
27.400,83.993
27.410,78.756
27.420,82.341
27.430,78.133
27.440,82.486
27.450,83.982
27.460,86.400
27.470,84.794
27.480,80.926
27.490,83.553
27.500,83.057
27.510,84.091
27.520,85.653
27.530,78.245
27.540,78.180
27.550,77.482
27.560,84.853
27.570,81.738
27.580,79.604
27.590,81.814
27.600,83.906
27.610,81.320
27.620,79.190
27.630,84.004
27.640,77.383
27.650,78.830
27.660,87.110
27.670,84.365
27.680,84.769
27.690,82.283
27.700,78.899
27.710,82.572
27.720,79.114
27.730,82.260
27.740,86.792
27.750,85.449
27.760,78.587
27.770,86.396
27.780,83.293
27.790,80.403
27.800,78.756
27.810,79.353
27.820,85.337
27.830,83.243
27.840,84.636
27.850,78.131
27.860,86.605
27.870,84.428
27.880,79.135
27.890,83.875
27.900,79.338
27.910,79.860
27.920,86.243
27.930,79.134
27.940,80.313
27.950,77.690
27.960,84.754
27.970,80.760
27.980,86.467
27.990,77.203
28.000,86.106
28.010,77.494
28.020,85.680
28.030,83.337
28.040,79.108
28.050,83.724
28.060,79.839
28.070,86.704
28.080,80.214
28.090,78.324
28.100,86.682
28.110,78.917
28.120,83.636
28.130,80.659
28.140,77.302
28.150,83.321
28.160,85.133
28.170,81.303
28.180,77.462
28.190,82.090
28.200,81.982
28.210,78.839
28.220,77.773
28.230,80.803
28.240,82.592
28.250,77.491
28.260,83.162
28.270,82.129
28.280,82.334
28.290,78.109
28.300,79.779
28.310,86.391
28.320,80.794
28.330,77.900
28.340,79.851
28.350,78.949
28.360,82.445
28.370,82.964
28.380,76.939
28.390,84.726
28.400,77.288
28.410,77.954
28.420,79.986
28.430,82.324
28.440,84.342
28.450,86.541
28.460,77.182
28.470,79.411
28.480,85.822
28.490,83.102
28.500,85.885
28.510,82.727
28.520,85.587
28.530,76.924
28.540,77.100
28.550,84.657
28.560,78.467
28.570,81.013
28.580,77.263
28.590,79.242
28.600,86.001
28.610,86.253
28.620,78.714
28.630,81.089
28.640,78.750
28.650,80.978
28.660,81.518
28.670,83.413
28.680,76.882
28.690,76.952
28.700,86.489
28.710,83.450
28.720,81.447
28.730,77.634
28.740,77.889
28.750,83.991
28.760,82.649
28.770,83.973
28.780,82.514
28.790,77.947
28.800,82.668
28.810,82.511
28.820,86.444
28.830,79.738
28.840,81.683
28.850,81.446
28.860,84.651
28.870,85.439
28.880,77.626
28.890,78.188
28.900,79.425
28.910,77.133
28.920,80.206
28.930,84.562
28.940,77.077
28.950,82.728
28.960,77.324
28.970,84.628
28.980,84.007
28.990,81.506
29.000,81.242
29.010,80.636
29.020,85.415
29.030,82.634
29.040,80.803
29.050,84.194
29.060,85.291
29.070,80.803
29.080,77.077
29.090,83.312
29.100,85.380
29.110,76.819
29.120,84.131
29.130,78.181
29.140,79.196
29.150,80.414
29.160,78.727
29.170,80.601
29.180,82.411
29.190,85.941
29.200,78.486
29.210,84.410
29.220,85.262
29.230,81.924
29.240,77.056
29.250,85.875
29.260,79.609
29.270,81.383
29.280,85.216
29.290,83.143
29.300,84.025
29.310,76.387
29.320,81.613
29.330,78.078
29.340,82.586
29.350,85.569
29.360,85.977
29.370,77.890
29.380,82.175
29.390,77.713
29.400,79.964
29.410,80.334
29.420,81.815
29.430,85.980
29.440,84.782
29.450,78.201
29.460,83.784
29.470,82.913
29.480,79.810
29.490,78.474
29.500,80.487
29.510,80.396
29.520,79.776
29.530,86.056
29.540,78.616
29.550,77.832
29.560,76.341
29.570,82.254
29.580,81.230
29.590,79.765
29.600,84.004
29.610,78.678
29.620,82.202
29.630,77.148
29.640,78.073
29.650,80.518
29.660,79.421
29.670,85.839
29.680,81.084
29.690,83.033
29.700,80.205
29.710,77.962
29.720,81.386
29.730,77.743
29.740,85.782
29.750,76.090
29.760,84.220
29.770,81.756
29.780,76.856
29.790,80.721
29.800,81.253
29.810,82.581
29.820,83.257
29.830,76.134
29.840,77.939
29.850,77.456
29.860,85.844
29.870,78.445
29.880,78.949
29.890,77.324
29.900,81.597
29.910,79.396
29.920,77.629
29.930,78.490
29.940,85.728
29.950,85.250
29.960,85.237
29.970,84.441
29.980,80.873
29.990,79.166
30.000,84.444
30.010,87.514
30.020,82.035
30.030,86.563
30.040,85.642
30.050,87.497
30.060,87.597
30.070,90.188
30.080,97.576
30.090,101.011
30.100,102.836
30.110,98.588
30.120,107.350
30.130,100.705
30.140,105.660
30.150,112.213
30.160,106.245
30.170,111.843
30.180,111.388
30.190,112.518
30.200,122.175
30.210,124.973
30.220,124.985
30.230,123.608
30.240,127.811
30.250,124.668
30.260,126.274
30.270,127.763
30.280,135.050
30.290,138.901
30.300,136.563
30.310,134.319
30.320,144.206
30.330,139.153
30.340,140.639
30.350,147.087
30.360,146.811
30.370,149.405
30.380,148.824
30.390,152.817
30.400,152.495
30.410,155.014
30.420,160.280
30.430,159.501
30.440,161.085
30.450,169.693
30.460,162.368
30.470,171.121
30.480,169.629
30.490,173.135
30.500,171.282
30.510,173.392
30.520,177.256
30.530,178.593
30.540,186.901
30.550,182.019
30.560,190.244
30.570,191.018
30.580,194.303
30.590,189.598
30.600,197.287
30.610,195.165
30.620,201.632
30.630,194.994
30.640,204.797
30.650,206.015
30.660,206.113
30.670,203.304
30.680,210.525
30.690,210.045
30.700,215.813
30.710,215.364
30.720,219.100
30.730,219.607
30.740,214.858
30.750,219.584
30.760,218.810
30.770,221.704
30.780,223.539
30.790,230.005
30.800,229.867
30.810,230.450
30.820,234.459
30.830,237.798
30.840,240.692
30.850,238.479
30.860,246.005
30.870,241.024
30.880,247.183
30.890,251.959
30.900,244.701
30.910,253.220
30.920,251.219
30.930,258.354
30.940,252.350
30.950,257.831
30.960,259.159
30.970,259.981
30.980,268.528
30.990,265.081
31.000,265.386
31.010,264.688
31.020,267.922
31.030,271.811
31.040,268.435
31.050,266.420
31.060,268.521
31.070,267.510
31.080,265.108
31.090,265.219
31.100,268.753
31.110,272.257
31.120,267.156
31.130,270.646
31.140,269.105
31.150,272.022
31.160,264.089
31.170,272.068
31.180,265.713
31.190,268.570
31.200,269.696
31.210,263.540
31.220,267.979
31.230,264.071
31.240,265.559
31.250,267.885
31.260,263.777
31.270,262.375
31.280,271.844
31.290,262.396
31.300,269.625
31.310,268.299
31.320,265.525
31.330,271.528
31.340,266.298
31.350,269.451
31.360,268.849
31.370,262.652
31.380,262.587
31.390,268.611
31.400,264.723
31.410,267.654
31.420,270.107
31.430,262.310
31.440,265.831
31.450,263.259
31.460,265.360
31.470,270.563
31.480,264.695
31.490,270.992
31.500,265.115
31.510,269.349
31.520,271.150
31.530,265.111
31.540,270.935
31.550,270.859
31.560,270.895
31.570,262.806
31.580,261.658
31.590,265.278
31.600,268.688
31.610,264.399
31.620,264.387
31.630,264.538
31.640,267.632
31.650,264.092
31.660,264.752
31.670,269.329
31.680,266.225
31.690,270.671
31.700,261.454
31.710,265.376
31.720,269.869
31.730,268.198
31.740,270.361
31.750,261.352
31.760,263.102
31.770,263.292
31.780,262.529
31.790,261.904
31.800,270.794
31.810,267.407
31.820,264.280
31.830,267.979
31.840,261.016
31.850,268.168
31.860,265.619
31.870,269.020
31.880,266.055
31.890,264.936
31.900,264.008
31.910,266.696
31.920,261.122
31.930,266.358
31.940,269.232
31.950,267.527
31.960,269.517
31.970,266.355
31.980,262.007
31.990,265.966
32.000,84.103
32.010,75.015
32.020,81.963
32.030,76.737
32.040,83.222
32.050,80.379
32.060,77.389
32.070,76.074
32.080,82.213
32.090,79.015
32.100,76.674
32.110,78.621
32.120,74.831
32.130,81.849
32.140,76.337
32.150,78.279
32.160,83.665
32.170,82.267
32.180,81.471
32.190,75.994
32.200,81.159
32.210,81.298
32.220,78.153
32.230,76.452
32.240,81.942
32.250,77.601
32.260,81.158
32.270,75.819
32.280,76.749
32.290,79.703
32.300,74.794
32.310,82.142
32.320,76.818
32.330,78.507
32.340,75.531
32.350,79.360
32.360,81.157
32.370,79.343
32.380,82.329
32.390,78.887
32.400,78.423
32.410,83.878
32.420,83.376
32.430,76.256
32.440,78.233
32.450,83.427
32.460,76.411
32.470,83.476
32.480,75.397
32.490,76.882
32.500,82.910
32.510,76.603
32.520,83.163
32.530,78.366
32.540,81.156
32.550,76.483
32.560,78.166
32.570,78.194
32.580,77.396
32.590,78.983
32.600,78.184
32.610,83.723
32.620,77.526
32.630,75.545
32.640,75.412
32.650,80.461
32.660,78.543
32.670,83.339
32.680,81.998
32.690,79.095
32.700,80.894
32.710,80.092
32.720,82.172
32.730,81.358
32.740,78.597
32.750,81.691
32.760,80.608
32.770,83.848
32.780,76.701
32.790,77.674
32.800,79.529
32.810,76.937
32.820,83.378
32.830,76.304
32.840,74.864
32.850,78.098
32.860,80.255
32.870,75.082
32.880,74.959
32.890,82.594
32.900,81.031
32.910,74.947
32.920,80.752
32.930,83.798
32.940,83.994
32.950,76.292
32.960,83.378
32.970,74.518
32.980,75.017
32.990,80.506
33.000,77.821
33.010,83.172
33.020,77.774
33.030,80.491
33.040,76.185
33.050,77.297
33.060,75.968
33.070,75.778
33.080,74.118
33.090,74.822
33.100,79.542
33.110,74.679
33.120,81.213
33.130,76.507
33.140,83.060
33.150,78.548
33.160,75.880
33.170,82.953
33.180,76.210
33.190,76.133
33.200,74.490
33.210,78.292
33.220,74.468
33.230,75.324
33.240,78.845
33.250,83.775
33.260,79.227
33.270,80.732
33.280,81.208
33.290,79.633
33.300,74.750
33.310,78.655
33.320,83.109
33.330,80.340
33.340,81.225
33.350,79.031
33.360,82.599
33.370,81.583
33.380,79.520
33.390,76.399
33.400,74.425
33.410,74.010
33.420,76.505
33.430,76.394
33.440,82.134
33.450,77.246
33.460,80.232
33.470,79.560
33.480,82.693
33.490,75.595
33.500,75.950
33.510,80.141
33.520,80.227
33.530,77.418
33.540,79.940
33.550,83.250
33.560,74.155
33.570,81.786
33.580,74.224
33.590,79.740
33.600,81.261
33.610,76.953
33.620,75.915
33.630,80.386
33.640,83.628
33.650,77.266
33.660,78.542
33.670,78.298
33.680,79.085
33.690,79.626
33.700,78.888
33.710,76.149
33.720,77.251
33.730,76.797
33.740,77.471
33.750,80.070
33.760,78.778
33.770,83.513
33.780,77.648
33.790,76.470
33.800,77.792
33.810,73.730
33.820,82.132
33.830,77.571
33.840,82.377
33.850,80.142
33.860,80.453
33.870,82.419
33.880,80.990
33.890,77.538
33.900,75.864
33.910,74.896
33.920,76.674
33.930,81.028
33.940,81.036
33.950,79.350
33.960,82.809
33.970,80.252
33.980,77.811
33.990,83.272
34.000,82.813
34.010,81.909
34.020,76.459
34.030,80.901
34.040,80.530
34.050,80.609
34.060,77.585
34.070,75.390
34.080,74.040
34.090,75.765
34.100,80.017
34.110,73.571
34.120,78.557
34.130,73.608
34.140,82.384
34.150,79.130
34.160,74.686
34.170,82.715
34.180,74.764
34.190,81.026
34.200,76.830
34.210,78.025
34.220,74.274
34.230,76.750
34.240,76.341
34.250,81.495
34.260,78.931
34.270,73.897
34.280,82.812
34.290,79.855
34.300,76.114
34.310,77.489
34.320,79.931
34.330,73.860
34.340,75.091
34.350,78.512
34.360,81.928
34.370,79.105
34.380,81.257
34.390,81.725
34.400,79.985
34.410,77.867
34.420,79.362
34.430,75.204
34.440,75.940
34.450,80.316
34.460,82.936
34.470,73.988
34.480,82.985
34.490,81.868
34.500,76.778
34.510,82.125
34.520,79.591
34.530,81.184
34.540,73.354
34.550,82.203
34.560,81.813
34.570,83.029
34.580,80.246
34.590,79.078
34.600,75.941
34.610,74.378
34.620,79.107
34.630,79.209
34.640,77.277
34.650,77.821
34.660,74.888
34.670,78.734
34.680,73.750
34.690,82.002
34.700,80.544
34.710,73.602
34.720,82.607
34.730,79.426
34.740,82.620
34.750,82.498
34.760,81.723
34.770,80.237
34.780,76.962
34.790,76.478
34.800,78.288
34.810,78.244
34.820,73.568
34.830,77.200
34.840,75.786
34.850,78.310
34.860,78.030
34.870,81.564
34.880,80.145
34.890,80.216
34.900,74.479
34.910,74.763
34.920,79.281
34.930,74.417
34.940,76.850
34.950,75.856
34.960,82.081
34.970,74.702
34.980,80.567
34.990,74.419
35.000,75.425
35.010,73.823
35.020,77.236
35.030,82.305
35.040,79.096
35.050,74.993
35.060,78.832
35.070,77.989
35.080,73.151
35.090,78.786
35.100,80.889
35.110,77.597
35.120,75.698
35.130,82.273
35.140,75.169
35.150,75.410
35.160,82.166
35.170,76.305
35.180,76.017
35.190,80.143
35.200,79.042
35.210,81.191
35.220,77.023
35.230,82.284
35.240,80.417
35.250,74.625
35.260,80.622
35.270,76.893
35.280,77.704
35.290,76.010
35.300,82.010
35.310,82.098
35.320,80.300
35.330,79.538
35.340,76.820
35.350,74.773
35.360,75.752
35.370,78.982
35.380,73.121
35.390,73.006
35.400,80.380
35.410,79.462
35.420,82.144
35.430,76.032
35.440,80.761
35.450,76.788
35.460,79.172
35.470,78.413
35.480,80.029
35.490,75.510
35.500,79.233
35.510,74.097
35.520,80.913
35.530,81.536
35.540,76.246
35.550,75.737
35.560,80.574
35.570,76.578
35.580,78.019
35.590,76.814
35.600,75.942
35.610,74.885
35.620,74.557
35.630,76.126
35.640,81.954
35.650,75.483
35.660,73.129
35.670,79.513
35.680,78.153
35.690,75.715
35.700,80.553
35.710,76.753
35.720,80.114
35.730,79.561
35.740,76.268
35.750,82.331
35.760,79.281
35.770,79.032
35.780,80.293
35.790,75.133
35.800,77.480
35.810,80.819
35.820,78.902
35.830,73.066
35.840,77.655
35.850,80.484
35.860,77.425
35.870,75.755
35.880,80.112
35.890,74.512
35.900,73.269
35.910,74.918
35.920,72.948
35.930,73.842
35.940,77.629
35.950,82.039
35.960,78.099
35.970,80.044
35.980,73.326
35.990,78.297
36.000,76.617
36.010,80.200
36.020,77.241
36.030,82.215
36.040,79.451
36.050,73.989
36.060,73.527
36.070,77.901
36.080,80.582
36.090,76.186
36.100,73.541
36.110,75.915
36.120,75.917
36.130,77.632
36.140,81.728
36.150,78.120
36.160,78.451
36.170,79.355
36.180,75.495
36.190,79.500
36.200,76.455
36.210,74.481
36.220,77.635
36.230,76.143
36.240,78.341
36.250,74.251
36.260,74.029
36.270,79.559
36.280,73.983
36.290,78.447
36.300,73.576
36.310,81.319
36.320,79.493
36.330,78.759
36.340,79.536
36.350,74.487
36.360,79.450
36.370,80.693
36.380,75.292
36.390,72.242
36.400,74.564
36.410,79.018
36.420,80.027
36.430,78.817
36.440,79.336
36.450,76.397
36.460,73.661
36.470,77.702
36.480,79.040
36.490,78.447
36.500,73.325
36.510,73.399
36.520,74.056
36.530,79.598
36.540,74.008
36.550,79.199
36.560,78.781
36.570,76.992
36.580,73.233
36.590,76.556
36.600,80.372
36.610,77.272
36.620,79.909
36.630,81.794
36.640,73.829
36.650,75.723
36.660,76.130
36.670,81.523
36.680,78.596
36.690,74.175
36.700,72.070
36.710,81.379
36.720,78.569
36.730,77.961
36.740,73.211
36.750,73.139
36.760,73.000
36.770,80.393
36.780,75.599
36.790,75.183
36.800,81.230
36.810,74.222
36.820,78.074
36.830,77.647
36.840,77.455
36.850,78.335
36.860,78.236
36.870,80.878
36.880,76.523
36.890,75.728
36.900,77.844
36.910,75.406
36.920,73.061
36.930,76.261
36.940,77.037
36.950,75.171
36.960,75.525
36.970,81.576
36.980,74.405
36.990,77.699
37.000,76.450
37.010,78.281
37.020,76.128
37.030,76.306
37.040,73.037
37.050,78.900
37.060,74.847
37.070,80.399
37.080,75.080
37.090,72.307
37.100,74.915
37.110,71.918
37.120,75.780
37.130,73.686
37.140,75.245
37.150,78.596
37.160,77.587
37.170,78.755
37.180,77.375
37.190,76.675
37.200,78.378
37.210,75.421
37.220,78.352
37.230,78.933
37.240,75.523
37.250,80.388
37.260,72.107
37.270,81.076
37.280,79.974
37.290,76.992
37.300,72.461
37.310,80.420
37.320,76.232
37.330,80.311
37.340,75.448
37.350,80.518
37.360,75.507
37.370,81.141
37.380,73.639
37.390,73.414
37.400,78.866
37.410,73.635
37.420,76.065
37.430,77.555
37.440,74.863
37.450,80.164
37.460,79.621
37.470,75.606
37.480,80.014
37.490,76.674
37.500,78.999
37.510,74.800
37.520,73.404
37.530,77.636
37.540,80.192
37.550,80.788
37.560,73.660
37.570,76.818
37.580,73.485
37.590,81.054
37.600,73.984
37.610,80.281
37.620,76.556
37.630,78.176
37.640,72.248
37.650,80.526
37.660,75.546
37.670,72.921
37.680,78.863
37.690,79.882
37.700,77.252
37.710,78.411
37.720,77.449
37.730,76.887
37.740,74.610
37.750,76.961
37.760,72.904
37.770,73.107
37.780,80.433
37.790,73.228
37.800,78.755
37.810,77.961
37.820,80.461
37.830,80.025
37.840,72.557
37.850,79.178
37.860,77.929
37.870,75.866
37.880,76.535
37.890,80.084
37.900,80.292
37.910,76.670
37.920,77.168
37.930,71.284
37.940,79.937
37.950,75.470
37.960,80.060
37.970,72.755
37.980,72.017
37.990,74.635
38.000,78.476
38.010,77.123
38.020,71.674
38.030,75.321
38.040,72.412
38.050,73.706
38.060,75.887
38.070,73.137
38.080,72.762
38.090,78.724
38.100,80.850
38.110,79.539
38.120,75.673
38.130,77.562
38.140,72.423
38.150,78.894
38.160,77.734
38.170,78.595
38.180,73.249
38.190,71.653
38.200,77.516
38.210,80.618
38.220,80.459
38.230,80.078
38.240,71.952
38.250,78.245
38.260,79.705
38.270,77.557
38.280,74.568
38.290,71.740
38.300,73.375
38.310,78.317
38.320,77.587
38.330,71.987
38.340,72.279
38.350,78.006
38.360,80.388
38.370,71.578
38.380,80.510
38.390,72.382
38.400,80.175
38.410,80.444
38.420,80.598
38.430,80.456
38.440,74.711
38.450,77.064
38.460,78.768
38.470,77.605
38.480,72.238
38.490,75.780
38.500,71.243
38.510,79.537
38.520,77.335
38.530,71.867
38.540,72.384
38.550,80.595
38.560,71.623
38.570,78.836
38.580,72.744
38.590,71.675
38.600,80.160
38.610,74.700
38.620,74.836
38.630,77.223
38.640,78.901
38.650,73.605
38.660,74.572
38.670,73.417
38.680,78.283
38.690,71.167
38.700,78.629
38.710,70.835
38.720,78.144
38.730,78.093
38.740,78.636
38.750,80.564
38.760,79.196
38.770,77.966
38.780,73.686
38.790,71.845
38.800,70.767
38.810,73.692
38.820,76.120
38.830,73.447
38.840,72.597
38.850,75.316
38.860,78.655
38.870,71.885
38.880,78.104
38.890,76.228
38.900,73.548
38.910,76.825
38.920,71.720
38.930,76.554
38.940,71.150
38.950,80.037
38.960,79.104
38.970,76.703
38.980,79.562
38.990,80.132
39.000,72.200
39.010,80.091
39.020,76.053
39.030,80.448
39.040,76.097
39.050,75.303
39.060,76.504
39.070,79.582
39.080,70.766
39.090,74.487
39.100,71.511
39.110,75.444
39.120,73.043
39.130,74.691
39.140,77.252
39.150,76.295
39.160,77.086
39.170,75.075
39.180,73.563
39.190,74.386
39.200,76.488
39.210,77.637
39.220,76.471
39.230,75.871
39.240,70.973
39.250,76.700
39.260,75.080
39.270,70.976
39.280,77.549
39.290,78.387
39.300,75.225
39.310,73.827
39.320,78.574
39.330,76.970
39.340,75.532
39.350,71.077
39.360,71.600
39.370,72.641
39.380,76.586
39.390,74.743
39.400,76.365
39.410,74.461
39.420,79.861
39.430,80.096
39.440,71.624
39.450,78.931
39.460,73.006
39.470,76.504
39.480,76.181
39.490,75.923
39.500,74.084
39.510,79.137
39.520,72.344
39.530,72.184
39.540,77.244
39.550,70.388
39.560,72.944
39.570,71.881
39.580,70.377
39.590,76.470
39.600,76.430
39.610,76.041
39.620,78.943
39.630,71.024
39.640,78.254
39.650,80.011
39.660,75.119
39.670,71.682
39.680,74.575
39.690,77.879
39.700,74.630
39.710,76.287
39.720,78.306
39.730,76.456
39.740,76.950
39.750,70.744
39.760,70.975
39.770,78.748
39.780,75.320
39.790,73.212
39.800,73.220
39.810,70.820
39.820,77.281
39.830,73.613
39.840,78.970
39.850,78.635
39.860,79.434
39.870,75.223
39.880,78.114
39.890,72.385
39.900,78.620
39.910,74.918
39.920,70.808
39.930,75.855
39.940,73.472
39.950,77.844
39.960,76.025
39.970,77.662
39.980,74.899
39.990,72.461
40.000,77.312
40.010,79.857
40.020,78.298
40.030,72.966
40.040,71.083
40.050,75.780
40.060,72.927
40.070,70.706
40.080,77.656
40.090,78.697
40.100,77.661
40.110,70.873
40.120,74.444
40.130,78.769
40.140,78.798
40.150,78.297
40.160,77.034
40.170,73.398
40.180,79.246
40.190,76.537
40.200,71.654
40.210,78.331
40.220,77.019
40.230,70.205
40.240,73.600
40.250,75.941
40.260,76.983
40.270,75.948
40.280,78.862
40.290,73.020
40.300,78.902
40.310,79.695
40.320,75.465
40.330,78.011
40.340,79.122
40.350,74.704
40.360,72.720
40.370,70.125
40.380,77.305
40.390,71.032
40.400,77.753
40.410,69.832
40.420,71.982
40.430,73.203
40.440,72.052
40.450,77.316
40.460,76.101
40.470,74.070
40.480,70.092
40.490,76.198
40.500,73.533
40.510,72.584
40.520,79.280
40.530,78.944
40.540,71.169
40.550,73.760
40.560,74.204
40.570,75.436
40.580,74.628
40.590,71.911
40.600,72.946
40.610,74.523
40.620,71.637
40.630,73.090
40.640,74.506
40.650,70.245
40.660,76.140
40.670,77.876
40.680,77.463
40.690,73.893
40.700,73.577
40.710,71.426
40.720,74.089
40.730,76.602
40.740,69.805
40.750,70.935
40.760,69.797
40.770,74.805
40.780,69.881
40.790,72.581
40.800,78.633
40.810,72.113
40.820,74.624
40.830,78.654
40.840,73.534
40.850,74.245
40.860,69.618
40.870,73.477
40.880,69.763
40.890,71.034
40.900,72.207
40.910,75.475
40.920,70.415
40.930,71.746
40.940,71.334
40.950,69.625
40.960,69.461
40.970,75.525
40.980,78.865
40.990,74.897
41.000,72.821
41.010,71.659
41.020,74.102
41.030,75.343
41.040,72.683
41.050,73.718
41.060,76.773
41.070,78.443
41.080,71.696
41.090,76.922
41.100,76.279
41.110,76.585
41.120,70.415
41.130,70.362
41.140,72.653
41.150,71.955
41.160,72.202
41.170,71.950
41.180,75.709
41.190,76.964
41.200,74.860
41.210,76.467
41.220,75.948
41.230,72.450
41.240,77.284
41.250,71.071
41.260,72.263
41.270,75.956
41.280,78.506
41.290,79.036
41.300,76.054
41.310,73.978
41.320,78.882
41.330,69.280
41.340,76.412
41.350,77.996
41.360,73.601
41.370,76.997
41.380,76.648
41.390,74.552
41.400,72.444
41.410,73.713
41.420,71.688
41.430,71.174
41.440,72.567
41.450,70.785
41.460,72.866
41.470,75.565
41.480,76.164
41.490,77.916
41.500,78.685
41.510,78.856
41.520,73.444
41.530,75.518
41.540,73.463
41.550,75.593
41.560,69.570
41.570,73.787
41.580,74.643
41.590,78.126
41.600,75.199
41.610,72.149
41.620,72.957
41.630,74.714
41.640,71.385
41.650,73.087
41.660,70.308
41.670,78.116
41.680,73.195
41.690,75.109
41.700,72.133
41.710,69.703
41.720,77.018
41.730,73.599
41.740,78.483
41.750,73.245
41.760,77.019
41.770,69.230
41.780,74.860
41.790,72.031
41.800,73.596
41.810,76.231
41.820,77.035
41.830,76.082
41.840,74.462
41.850,77.402
41.860,76.284
41.870,73.223
41.880,78.156
41.890,76.671
41.900,76.764
41.910,77.542
41.920,69.859
41.930,70.073
41.940,75.415
41.950,72.804
41.960,77.242
41.970,75.489
41.980,73.445
41.990,75.684
42.000,73.389
42.010,71.607
42.020,74.678
42.030,70.121
42.040,68.863
42.050,69.112
42.060,74.607
42.070,75.567
42.080,76.639
42.090,71.337
42.100,69.510
42.110,71.024
42.120,71.272
42.130,76.164
42.140,78.366
42.150,70.051
42.160,69.558
42.170,70.086
42.180,73.276
42.190,72.621
42.200,70.193
42.210,75.504
42.220,77.373
42.230,74.711
42.240,72.808
42.250,77.643
42.260,76.080
42.270,71.418
42.280,72.405
42.290,70.162
42.300,75.127
42.310,71.854
42.320,73.139
42.330,72.727
42.340,73.676
42.350,77.428
42.360,74.485
42.370,77.893
42.380,77.302
42.390,71.552
42.400,70.116
42.410,72.952
42.420,75.371
42.430,68.898
42.440,77.047
42.450,76.525
42.460,77.862
42.470,71.140
42.480,75.071
42.490,70.923
42.500,77.590
42.510,70.177
42.520,71.685
42.530,70.471
42.540,73.287
42.550,70.727
42.560,72.212
42.570,69.328
42.580,72.474
42.590,71.655
42.600,71.515
42.610,71.098
42.620,75.710
42.630,77.451
42.640,74.413
42.650,69.465
42.660,75.202
42.670,68.893
42.680,69.356
42.690,72.635
42.700,70.907
42.710,72.221
42.720,69.199
42.730,72.218
42.740,70.683
42.750,70.895
42.760,68.521
42.770,76.279
42.780,77.666
42.790,70.249
42.800,75.201
42.810,71.973
42.820,71.524
42.830,70.561
42.840,76.081
42.850,69.630
42.860,70.160
42.870,73.127
42.880,69.693
42.890,68.660
42.900,78.061
42.910,77.942
42.920,77.455
42.930,68.368
42.940,77.078
42.950,75.082
42.960,78.034
42.970,70.771
42.980,70.053
42.990,70.339
43.000,69.357
43.010,73.576
43.020,73.896
43.030,78.055
43.040,76.395
43.050,73.281
43.060,69.525
43.070,76.285
43.080,68.477
43.090,70.548
43.100,68.557
43.110,76.601
43.120,70.039
43.130,73.971
43.140,68.486
43.150,74.685
43.160,69.883
43.170,75.574
43.180,76.674
43.190,73.705
43.200,75.923
43.210,71.264
43.220,76.008
43.230,74.246
43.240,69.894
43.250,68.568
43.260,68.893
43.270,68.758
43.280,69.010
43.290,75.794
43.300,72.321
43.310,68.734
43.320,75.230
43.330,73.063
43.340,71.811
43.350,75.869
43.360,71.822
43.370,71.878
43.380,73.596
43.390,74.110
43.400,72.417
43.410,77.338
43.420,70.279
43.430,68.843
43.440,70.435
43.450,77.260
43.460,74.618
43.470,75.760
43.480,67.998
43.490,73.773
43.500,74.992
43.510,77.064
43.520,77.625
43.530,75.480
43.540,72.404
43.550,72.020
43.560,76.044
43.570,73.304
43.580,71.863
43.590,75.341
43.600,75.646
43.610,74.235
43.620,72.151
43.630,68.595
43.640,73.017
43.650,74.524
43.660,69.013
43.670,72.181
43.680,70.460
43.690,71.230
43.700,74.843
43.710,69.000
43.720,70.711
43.730,70.883
43.740,75.351
43.750,71.930
43.760,76.227
43.770,73.288
43.780,74.061
43.790,76.714
43.800,70.968
43.810,75.646
43.820,67.903
43.830,75.254
43.840,68.664
43.850,69.055
43.860,76.245
43.870,75.572
43.880,74.776
43.890,71.760
43.900,76.000
43.910,75.814
43.920,68.233
43.930,74.256
43.940,68.006
43.950,74.398
43.960,76.544
43.970,73.702
43.980,77.179
43.990,72.913
44.000,70.046
44.010,72.742
44.020,72.682
44.030,75.151
44.040,72.558
44.050,76.833
44.060,74.395
44.070,77.432
44.080,75.856
44.090,74.018
44.100,73.531
44.110,73.191
44.120,72.942
44.130,76.764
44.140,75.013
44.150,77.364
44.160,73.445
44.170,68.704
44.180,73.013
44.190,76.121
44.200,69.815
44.210,71.581
44.220,71.205
44.230,70.395
44.240,73.806
44.250,70.804
44.260,73.549
44.270,68.155
44.280,75.081
44.290,71.662
44.300,72.085
44.310,68.697
44.320,68.411
44.330,77.167
44.340,77.128
44.350,69.623
44.360,72.560
44.370,72.135
44.380,75.392
44.390,73.446
44.400,72.457
44.410,74.015
44.420,67.948
44.430,68.248
44.440,68.856
44.450,70.994
44.460,68.930
44.470,68.859
44.480,74.687
44.490,72.310
44.500,69.956
44.510,67.945
44.520,72.751
44.530,71.279
44.540,67.438
44.550,76.193
44.560,75.478
44.570,68.302
44.580,76.905
44.590,71.247
44.600,72.281
44.610,68.651
44.620,71.739
44.630,77.003
44.640,73.056
44.650,70.196
44.660,67.458
44.670,67.737
44.680,67.812
44.690,72.991
44.700,68.099
44.710,68.350
44.720,72.152
44.730,72.287
44.740,75.727
44.750,68.531
44.760,68.383
44.770,74.700
44.780,76.381
44.790,77.052
44.800,73.558
44.810,71.352
44.820,72.636
44.830,74.260
44.840,72.990
44.850,74.569
44.860,68.375
44.870,75.127
44.880,72.793
44.890,76.735
44.900,68.328
44.910,67.347
44.920,72.578
44.930,72.614
44.940,72.933
44.950,74.720
44.960,74.952
44.970,76.255
44.980,74.176
44.990,74.582
45.000,73.305
45.010,72.828
45.020,79.485
45.030,73.048
45.040,73.843
45.050,77.566
45.060,77.683
45.070,83.124
45.080,86.415
45.090,86.976
45.100,92.449
45.110,93.521
45.120,87.871
45.130,90.439
45.140,91.603
45.150,96.817
45.160,97.871
45.170,97.370
45.180,98.739
45.190,98.848
45.200,100.812
45.210,105.773
45.220,112.724
45.230,106.832
45.240,112.714
45.250,115.127
45.260,115.011
45.270,121.592
45.280,120.127
45.290,124.097
45.300,120.074
45.310,125.238
45.320,125.492
45.330,129.505
45.340,130.670
45.350,125.931
45.360,135.574
45.370,130.421
45.380,138.838
45.390,141.355
45.400,141.412
45.410,135.572
45.420,139.963
45.430,147.078
45.440,140.844
45.450,150.034
45.460,147.356
45.470,146.134
45.480,153.511
45.490,149.880
45.500,159.636
45.510,155.950
45.520,158.986
45.530,157.172
45.540,161.996
45.550,160.300
45.560,164.327
45.570,165.536
45.580,166.795
45.590,174.461
45.600,170.239
45.610,170.087
45.620,174.256
45.630,178.877
45.640,179.420
45.650,182.488
45.660,186.616
45.670,179.406
45.680,184.264
45.690,185.372
45.700,192.008
45.710,191.519
45.720,189.666
45.730,195.914
45.740,190.542
45.750,197.125
45.760,195.046
45.770,201.690
45.780,196.919
45.790,200.499
45.800,200.894
45.810,205.162
45.820,210.425
45.830,209.220
45.840,208.040
45.850,213.226
45.860,217.945
45.870,215.445
45.880,218.486
45.890,221.412
45.900,225.105
45.910,220.872
45.920,225.803
45.930,222.812
45.940,232.318
45.950,228.753
45.960,230.841
45.970,230.785
45.980,234.668
45.990,239.169
46.000,241.590
46.010,233.146
46.020,237.010
46.030,235.386
46.040,237.565
46.050,240.539
46.060,240.111
46.070,236.176
46.080,239.019
46.090,237.832
46.100,238.944
46.110,237.975
46.120,234.199
46.130,235.888
46.140,236.688
46.150,236.179
46.160,236.881
46.170,240.973
46.180,234.752
46.190,234.623
46.200,237.784
46.210,237.252
46.220,234.504
46.230,235.345
46.240,242.450
46.250,234.740
46.260,239.636
46.270,238.673
46.280,232.826
46.290,236.497
46.300,241.166
46.310,236.859
46.320,237.201
46.330,233.744
46.340,236.904
46.350,237.492
46.360,237.556
46.370,238.986
46.380,235.922
46.390,240.445
46.400,235.332
46.410,235.604
46.420,239.745
46.430,239.335
46.440,240.027
46.450,235.156
46.460,238.960
46.470,232.260
46.480,239.841
46.490,238.087
46.500,233.136
46.510,238.241
46.520,236.623
46.530,238.149
46.540,240.622
46.550,240.747
46.560,238.548
46.570,238.695
46.580,241.339
46.590,239.482
46.600,234.487
46.610,231.967
46.620,237.016
46.630,237.795
46.640,233.151
46.650,234.976
46.660,241.174
46.670,231.814
46.680,237.726
46.690,234.238
46.700,238.359
46.710,235.815
46.720,236.858
46.730,237.441
46.740,233.628
46.750,235.089
46.760,234.181
46.770,240.699
46.780,236.120
46.790,238.759
46.800,232.739
46.810,235.660
46.820,237.324
46.830,232.966
46.840,231.619
46.850,239.293
46.860,238.979
46.870,237.886
46.880,232.029
46.890,231.965
46.900,236.391
46.910,235.826
46.920,240.680
46.930,234.874
46.940,233.309
46.950,236.695
46.960,238.918
46.970,239.032
46.980,235.858
46.990,239.608
47.000,68.707
47.010,74.215
47.020,74.227
47.030,73.596
47.040,75.266
47.050,73.295
47.060,72.624
47.070,67.554
47.080,68.682
47.090,68.305
47.100,73.153
47.110,70.122
47.120,70.859
47.130,68.062
47.140,70.188
47.150,70.295
47.160,66.418
47.170,69.058
47.180,73.851
47.190,70.384
47.200,72.330
47.210,72.186
47.220,70.942
47.230,72.833
47.240,71.129
47.250,71.480
47.260,73.395
47.270,74.240
47.280,72.052
47.290,75.497
47.300,72.905
47.310,71.014
47.320,70.219
47.330,74.169
47.340,69.469
47.350,74.700
47.360,67.765
47.370,68.560
47.380,72.343
47.390,74.875
47.400,66.666
47.410,72.239
47.420,71.098
47.430,67.634
47.440,73.787
47.450,65.726
47.460,73.204
47.470,66.539
47.480,66.465
47.490,71.668
47.500,69.618
47.510,71.106
47.520,74.939
47.530,68.781
47.540,66.314
47.550,69.827
47.560,73.428
47.570,74.886
47.580,72.199
47.590,67.254
47.600,70.772
47.610,73.651
47.620,73.483
47.630,67.192
47.640,65.887
47.650,67.383
47.660,71.882
47.670,68.113
47.680,73.990
47.690,70.037
47.700,69.969
47.710,69.426
47.720,74.877
47.730,69.814
47.740,71.308
47.750,69.512
47.760,66.725
47.770,66.607
47.780,73.356
47.790,71.806
47.800,65.903
47.810,66.509
47.820,66.126
47.830,69.760
47.840,74.845
47.850,67.241
47.860,69.791
47.870,72.580
47.880,71.998
47.890,65.588
47.900,66.819
47.910,67.084
47.920,74.085
47.930,74.454
47.940,69.458
47.950,72.955
47.960,71.127
47.970,65.858
47.980,65.615
47.990,70.541
48.000,66.712
48.010,67.441
48.020,68.732
48.030,70.400
48.040,65.982
48.050,67.734
48.060,68.181
48.070,67.230
48.080,70.515
48.090,72.969
48.100,74.723
48.110,71.485
48.120,67.646
48.130,70.258
48.140,66.875
48.150,66.323
48.160,74.393
48.170,68.573
48.180,73.416
48.190,74.389
48.200,69.053
48.210,68.612
48.220,73.198
48.230,73.085
48.240,67.910
48.250,68.581
48.260,72.007
48.270,69.396
48.280,68.187
48.290,66.456
48.300,68.712
48.310,65.719
48.320,66.126
48.330,67.451
48.340,71.549
48.350,68.516
48.360,69.156
48.370,74.372
48.380,68.783
48.390,74.838
48.400,67.307
48.410,68.776
48.420,65.269
48.430,68.258
48.440,65.074
48.450,72.062
48.460,72.635
48.470,65.299
48.480,65.322
48.490,69.409
48.500,71.450
48.510,74.407
48.520,66.010
48.530,71.272
48.540,69.682
48.550,67.571
48.560,65.409
48.570,68.890
48.580,72.325
48.590,73.545
48.600,69.589
48.610,71.424
48.620,64.996
48.630,73.381
48.640,69.764
48.650,66.212
48.660,74.357
48.670,64.976
48.680,71.300
48.690,72.521
48.700,68.505
48.710,68.480
48.720,67.419
48.730,73.074
48.740,68.577
48.750,73.795
48.760,72.278
48.770,73.444
48.780,65.420
48.790,73.745
48.800,70.404
48.810,66.931
48.820,73.785
48.830,70.665
48.840,69.577
48.850,65.916
48.860,65.179
48.870,71.130
48.880,65.294
48.890,72.529
48.900,72.353
48.910,67.239
48.920,68.409
48.930,68.798
48.940,67.227
48.950,64.907
48.960,65.158
48.970,71.022
48.980,72.727
48.990,68.644
49.000,69.550
49.010,70.868
49.020,69.558
49.030,65.578
49.040,66.589
49.050,72.748
49.060,71.470
49.070,73.375
49.080,72.837
49.090,74.436
49.100,74.116
49.110,74.438
49.120,68.333
49.130,73.010
49.140,67.791
49.150,68.952
49.160,67.704
49.170,73.223
49.180,72.785
49.190,68.442
49.200,73.789
49.210,74.393
49.220,71.507
49.230,68.340
49.240,65.103
49.250,71.285
49.260,66.337
49.270,70.206
49.280,67.847
49.290,65.148
49.300,72.883
49.310,68.507
49.320,65.448
49.330,64.645
49.340,70.130
49.350,67.550
49.360,67.793
49.370,69.684
49.380,69.462
49.390,70.925
49.400,73.583
49.410,70.149
49.420,71.299
49.430,73.614
49.440,72.636
49.450,66.362
49.460,68.099
49.470,69.686
49.480,65.445
49.490,70.401
49.500,68.933
49.510,66.776
49.520,66.170
49.530,65.090
49.540,66.637
49.550,65.626
49.560,68.767
49.570,69.040
49.580,69.095
49.590,74.178
49.600,70.725
49.610,65.863
49.620,66.972
49.630,66.813
49.640,70.733
49.650,69.755
49.660,69.198
49.670,71.027
49.680,68.350
49.690,73.674
49.700,70.843
49.710,70.790
49.720,71.353
49.730,65.586
49.740,69.569
49.750,68.927
49.760,71.588
49.770,64.419
49.780,71.269
49.790,72.007
49.800,72.023
49.810,67.800
49.820,66.137
49.830,69.931
49.840,65.402
49.850,67.617
49.860,72.042
49.870,71.054
49.880,72.232
49.890,67.876
49.900,73.931
49.910,71.931
49.920,67.721
49.930,68.218
49.940,64.333
49.950,64.972
49.960,73.285
49.970,70.740
49.980,66.787
49.990,68.064
50.000,66.862
50.010,71.028
50.020,70.372
50.030,73.597
50.040,66.462
50.050,70.798
50.060,73.077
50.070,67.520
50.080,71.039
50.090,72.665
50.100,67.409
50.110,67.372
50.120,73.110
50.130,67.344
50.140,71.207
50.150,66.244
50.160,66.341
50.170,69.739
50.180,65.119
50.190,70.296
50.200,72.090
50.210,64.797
50.220,73.089
50.230,73.524
50.240,69.792
50.250,67.913
50.260,64.712
50.270,72.538
50.280,65.687
50.290,70.144
50.300,69.588
50.310,71.938
50.320,64.337
50.330,66.374
50.340,66.427
50.350,68.103
50.360,71.946
50.370,71.003
50.380,65.732
50.390,68.088
50.400,73.517
50.410,68.624
50.420,73.142
50.430,70.428
50.440,73.620
50.450,72.014
50.460,71.222
50.470,68.977
50.480,72.674
50.490,70.574
50.500,68.031
50.510,64.971
50.520,71.613
50.530,66.609
50.540,67.106
50.550,68.008
50.560,65.206
50.570,66.813
50.580,65.682
50.590,67.474
50.600,69.833
50.610,66.909
50.620,70.710
50.630,66.579
50.640,72.186
50.650,72.937
50.660,65.279
50.670,69.111
50.680,69.279
50.690,68.913
50.700,68.885
50.710,66.238
50.720,71.985
50.730,71.418
50.740,64.110
50.750,65.419
50.760,72.833
50.770,72.917
50.780,66.357
50.790,64.577
50.800,64.636
50.810,72.857
50.820,68.547
50.830,67.755
50.840,64.788
50.850,68.618
50.860,69.017
50.870,71.213
50.880,70.783
50.890,67.832
50.900,65.400
50.910,68.557
50.920,73.125
50.930,71.476
50.940,69.054
50.950,72.772
50.960,69.701
50.970,63.665
50.980,68.282
50.990,72.204
51.000,70.645
51.010,64.517
51.020,70.930
51.030,64.913
51.040,71.431
51.050,66.690
51.060,70.691
51.070,69.708
51.080,70.755
51.090,66.758
51.100,64.209
51.110,71.580
51.120,72.334
51.130,63.946
51.140,63.765
51.150,68.781
51.160,71.461
51.170,71.401
51.180,65.166
51.190,65.903
51.200,65.903
51.210,70.541
51.220,64.437
51.230,63.576
51.240,64.966
51.250,68.558
51.260,63.867
51.270,73.062
51.280,71.127
51.290,71.843
51.300,69.405
51.310,63.842
51.320,64.363
51.330,70.067
51.340,66.519
51.350,68.218
51.360,63.757
51.370,68.389
51.380,68.211
51.390,66.889
51.400,71.238
51.410,70.389
51.420,71.525
51.430,71.918
51.440,69.592
51.450,70.391
51.460,72.203
51.470,67.949
51.480,69.570
51.490,71.542
51.500,72.508
51.510,69.573
51.520,66.101
51.530,63.799
51.540,70.755
51.550,66.212
51.560,70.245
51.570,65.520
51.580,67.132
51.590,64.794
51.600,69.645
51.610,66.122
51.620,67.064
51.630,66.635
51.640,63.688
51.650,66.550
51.660,65.890
51.670,66.142
51.680,72.194
51.690,65.896
51.700,71.135
51.710,65.229
51.720,63.309
51.730,69.886
51.740,68.193
51.750,66.039
51.760,66.695
51.770,69.230
51.780,71.369
51.790,63.558
51.800,71.423
51.810,72.510
51.820,67.412
51.830,65.103
51.840,65.239
51.850,70.108
51.860,67.725
51.870,66.931
51.880,66.329
51.890,66.459
51.900,68.407
51.910,66.724
51.920,69.398
51.930,68.019
51.940,70.081
51.950,67.388
51.960,67.637
51.970,65.977
51.980,71.337
51.990,63.379
52.000,67.458
52.010,68.018
52.020,71.206
52.030,67.352
52.040,63.451
52.050,66.277
52.060,69.181
52.070,72.569
52.080,66.456
52.090,63.741
52.100,72.603
52.110,69.467
52.120,69.568
52.130,68.461
52.140,64.835
52.150,67.708
52.160,71.850
52.170,70.736
52.180,66.492
52.190,67.410
52.200,72.284
52.210,62.909
52.220,71.501
52.230,65.969
52.240,64.820
52.250,67.788
52.260,70.025
52.270,69.402
52.280,68.340
52.290,71.359
52.300,70.035
52.310,68.650
52.320,71.556
52.330,71.516
52.340,69.806
52.350,67.630
52.360,67.644
52.370,65.675
52.380,66.130
52.390,72.417
52.400,63.773
52.410,64.459
52.420,66.383
52.430,66.844
52.440,71.633
52.450,64.209
52.460,68.317
52.470,66.053
52.480,71.525
52.490,71.423
52.500,68.785
52.510,64.625
52.520,66.309
52.530,64.514
52.540,72.428
52.550,65.877
52.560,64.940
52.570,65.742
52.580,63.536
52.590,72.310
52.600,70.168
52.610,64.171
52.620,63.750
52.630,69.876
52.640,71.519
52.650,69.802
52.660,70.528
52.670,65.125
52.680,69.907
52.690,64.470
52.700,70.978
52.710,62.867
52.720,70.493
52.730,67.364
52.740,71.400
52.750,70.892
52.760,65.899
52.770,65.185
52.780,69.716
52.790,64.242
52.800,66.295
52.810,70.411
52.820,70.770
52.830,71.172
52.840,66.526
52.850,70.313
52.860,67.103
52.870,69.766
52.880,72.145
52.890,69.740
52.900,69.628
52.910,68.633
52.920,66.655
52.930,63.551
52.940,70.510
52.950,69.205
52.960,71.048
52.970,63.992
52.980,70.649
52.990,68.008
53.000,69.313
53.010,68.822
53.020,64.926
53.030,68.953
53.040,63.014
53.050,64.413
53.060,70.168
53.070,66.850
53.080,72.003
53.090,71.684
53.100,70.516
53.110,69.555
53.120,62.282
53.130,69.620
53.140,65.777
53.150,67.431
53.160,65.316
53.170,66.865
53.180,63.224
53.190,66.473
53.200,67.357
53.210,64.734
53.220,66.171
53.230,67.948
53.240,62.402
53.250,67.103
53.260,66.256
53.270,63.716
53.280,70.938
53.290,66.805
53.300,63.256
53.310,66.721
53.320,64.429
53.330,69.425
53.340,68.874
53.350,62.616
53.360,63.984
53.370,65.995
53.380,71.528
53.390,65.440
53.400,69.334
53.410,68.979
53.420,66.611
53.430,68.755
53.440,69.089
53.450,69.587
53.460,68.797
53.470,69.089
53.480,69.533
53.490,70.760
53.500,67.483
53.510,70.685
53.520,71.401
53.530,69.363
53.540,65.800
53.550,70.176
53.560,65.904
53.570,68.359
53.580,65.952
53.590,67.720
53.600,64.262
53.610,62.483
53.620,65.672
53.630,69.858
53.640,69.020
53.650,63.531
53.660,71.735
53.670,63.714
53.680,66.178
53.690,70.553
53.700,67.565
53.710,68.765
53.720,69.244
53.730,62.261
53.740,62.884
53.750,66.006
53.760,67.985
53.770,63.226
53.780,63.408
53.790,64.367
53.800,62.136
53.810,66.049
53.820,68.901
53.830,69.270
53.840,66.930
53.850,66.225
53.860,69.955
53.870,64.630
53.880,62.853
53.890,61.900
53.900,69.403
53.910,71.259
53.920,66.915
53.930,63.834
53.940,64.357
53.950,68.957
53.960,71.010
53.970,68.378
53.980,71.012
53.990,66.005
54.000,70.728
54.010,71.150
54.020,66.749
54.030,66.849
54.040,65.834
54.050,69.911
54.060,71.241
54.070,67.183
54.080,62.848
54.090,69.897
54.100,65.863
54.110,71.438
54.120,63.462
54.130,69.327
54.140,67.918
54.150,64.450
54.160,69.845
54.170,67.861
54.180,67.887
54.190,66.033
54.200,68.173
54.210,70.452
54.220,67.984
54.230,63.487
54.240,69.542
54.250,68.302
54.260,66.782
54.270,70.382
54.280,62.932
54.290,70.219
54.300,62.532
54.310,61.982
54.320,63.372
54.330,69.736
54.340,71.095
54.350,64.877
54.360,67.622
54.370,63.913
54.380,62.491
54.390,69.796
54.400,64.786
54.410,67.511
54.420,70.621
54.430,67.219
54.440,62.420
54.450,62.806
54.460,65.277
54.470,65.348
54.480,64.982
54.490,62.503
54.500,66.018
54.510,68.299
54.520,63.943
54.530,69.942
54.540,64.632
54.550,68.228
54.560,68.220
54.570,64.706
54.580,66.322
54.590,63.158
54.600,61.818
54.610,71.126
54.620,63.505
54.630,67.623
54.640,64.992
54.650,69.549
54.660,64.990
54.670,63.103
54.680,63.133
54.690,65.050
54.700,69.865
54.710,62.199
54.720,67.025
54.730,69.682
54.740,68.100
54.750,66.732
54.760,64.212
54.770,69.656
54.780,69.426
54.790,65.338
54.800,64.476
54.810,62.521
54.820,68.665
54.830,64.658
54.840,64.791
54.850,62.857
54.860,65.140
54.870,62.944
54.880,68.545
54.890,69.928
54.900,68.150
54.910,69.820
54.920,62.522
54.930,62.156
54.940,70.237
54.950,69.664
54.960,66.535
54.970,64.002
54.980,61.338
54.990,70.517
55.000,67.184
55.010,62.815
55.020,63.462
55.030,66.620
55.040,63.911
55.050,69.310
55.060,62.833
55.070,63.565
55.080,65.723
55.090,65.882
55.100,64.774
55.110,62.202
55.120,70.913
55.130,63.936
55.140,70.726
55.150,69.405
55.160,64.438
55.170,69.961
55.180,69.113
55.190,61.939
55.200,63.024
55.210,63.539
55.220,67.161
55.230,62.209
55.240,64.842
55.250,68.351
55.260,68.616
55.270,67.087
55.280,65.048
55.290,62.987
55.300,66.626
55.310,63.045
55.320,63.875
55.330,61.083
55.340,63.607
55.350,68.610
55.360,68.697
55.370,67.969
55.380,65.677
55.390,64.767
55.400,67.735
55.410,68.119
55.420,62.772
55.430,67.861
55.440,61.178
55.450,61.958
55.460,70.419
55.470,63.571
55.480,67.915
55.490,68.043
55.500,62.364
55.510,70.683
55.520,68.268
55.530,61.059
55.540,67.771
55.550,66.708
55.560,70.260
55.570,63.269
55.580,66.138
55.590,67.348
55.600,64.249
55.610,66.640
55.620,66.025
55.630,69.030
55.640,65.567
55.650,66.517
55.660,65.093
55.670,69.288
55.680,62.092
55.690,61.922
55.700,69.224
55.710,61.613
55.720,64.508
55.730,68.706
55.740,64.045
55.750,66.140
55.760,62.620
55.770,61.591
55.780,63.813
55.790,67.046
55.800,68.670
55.810,61.391
55.820,67.358
55.830,63.101
55.840,67.828
55.850,61.469
55.860,65.606
55.870,68.390
55.880,61.869
55.890,66.687
55.900,64.512
55.910,68.989
55.920,60.777
55.930,67.295
55.940,69.693
55.950,70.110
55.960,64.884
55.970,60.624
55.980,62.285
55.990,68.941
56.000,68.619
56.010,61.813
56.020,64.819
56.030,61.692
56.040,70.220
56.050,67.680
56.060,64.776
56.070,65.711
56.080,66.715
56.090,68.095
56.100,65.287
56.110,61.111
56.120,62.478
56.130,65.314
56.140,67.854
56.150,69.369
56.160,67.874
56.170,60.917
56.180,62.086
56.190,69.077
56.200,64.045
56.210,64.828
56.220,65.168
56.230,68.056
56.240,66.474
56.250,69.386
56.260,64.634
56.270,60.878
56.280,69.063
56.290,67.438
56.300,63.488
56.310,66.574
56.320,67.615
56.330,64.767
56.340,67.619
56.350,64.146
56.360,61.949
56.370,62.176
56.380,62.122
56.390,68.481
56.400,68.691
56.410,68.125
56.420,61.153
56.430,65.353
56.440,64.730
56.450,67.906
56.460,69.223
56.470,67.222
56.480,68.807
56.490,65.271
56.500,63.333
56.510,69.685
56.520,60.522
56.530,63.114
56.540,68.256
56.550,66.253
56.560,67.671
56.570,66.408
56.580,65.922
56.590,64.112
56.600,67.632
56.610,68.829
56.620,62.016
56.630,62.932
56.640,67.659
56.650,62.912
56.660,63.844
56.670,68.898
56.680,62.799
56.690,64.389
56.700,66.014
56.710,69.396
56.720,63.380
56.730,62.564
56.740,66.331
56.750,69.455
56.760,63.681
56.770,66.930
56.780,63.818
56.790,66.088
56.800,61.321
56.810,64.593
56.820,68.514
56.830,66.549
56.840,66.533
56.850,61.669
56.860,63.107
56.870,63.984
56.880,65.477
56.890,63.468
56.900,69.058
56.910,63.670
56.920,61.179
56.930,64.022
56.940,65.042
56.950,67.269
56.960,68.648
56.970,65.722
56.980,61.115
56.990,69.812
57.000,60.601
57.010,69.413
57.020,62.384
57.030,64.777
57.040,66.813
57.050,62.010
57.060,66.649
57.070,61.875
57.080,68.475
57.090,60.198
57.100,66.374
57.110,66.115
57.120,65.001
57.130,65.504
57.140,63.967
57.150,69.499
57.160,61.791
57.170,60.654
57.180,63.754
57.190,66.244
57.200,69.401
57.210,67.720
57.220,69.307
57.230,60.988
57.240,62.403
57.250,66.961
57.260,66.473
57.270,64.874
57.280,62.879
57.290,67.070
57.300,69.646
57.310,60.523
57.320,66.977
57.330,65.010
57.340,65.586
57.350,62.718
57.360,68.367
57.370,66.306
57.380,63.919
57.390,64.950
57.400,63.131
57.410,64.729
57.420,61.495
57.430,69.513
57.440,65.628
57.450,63.361
57.460,69.212
57.470,68.357
57.480,59.769
57.490,65.247
57.500,69.412
57.510,60.679
57.520,68.386
57.530,67.320
57.540,65.272
57.550,65.748
57.560,65.025
57.570,64.266
57.580,66.200
57.590,69.104
57.600,63.012
57.610,67.343
57.620,67.044
57.630,68.574
57.640,63.235
57.650,64.900
57.660,66.267
57.670,64.878
57.680,65.320
57.690,68.294
57.700,66.698
57.710,67.339
57.720,67.171
57.730,62.966
57.740,66.458
57.750,67.235
57.760,69.283
57.770,62.039
57.780,63.898
57.790,66.759
57.800,66.426
57.810,60.325
57.820,63.026
57.830,62.461
57.840,64.656
57.850,65.308
57.860,69.337
57.870,61.574
57.880,61.131
57.890,65.913
57.900,63.253
57.910,61.970
57.920,62.427
57.930,65.277
57.940,66.311
57.950,67.146
57.960,59.606
57.970,59.891
57.980,64.469
57.990,60.102
58.000,62.162
58.010,59.867
58.020,67.015
58.030,60.561
58.040,61.417
58.050,59.559
58.060,63.732
58.070,60.280
58.080,65.492
58.090,67.593
58.100,68.042
58.110,60.215
58.120,65.130
58.130,62.711
58.140,62.923
58.150,65.299
58.160,68.627
58.170,66.465
58.180,61.758
58.190,63.503
58.200,60.241
58.210,67.091
58.220,63.984
58.230,67.647
58.240,68.815
58.250,63.238
58.260,68.779
58.270,63.072
58.280,60.468
58.290,68.158
58.300,64.086
58.310,60.823
58.320,65.888
58.330,68.549
58.340,60.128
58.350,66.395
58.360,63.553
58.370,62.673
58.380,60.672
58.390,59.711
58.400,62.813
58.410,64.759
58.420,62.602
58.430,60.295
58.440,63.632
58.450,62.878
58.460,60.414
58.470,60.424
58.480,63.676
58.490,60.309
58.500,65.011
58.510,62.334
58.520,68.239
58.530,66.631
58.540,63.506
58.550,63.461
58.560,62.075
58.570,64.933
58.580,63.319
58.590,62.934
58.600,68.390
58.610,64.168
58.620,62.861
58.630,63.191
58.640,60.642
58.650,67.490
58.660,65.586
58.670,67.808
58.680,65.804
58.690,65.318
58.700,68.315
58.710,61.331
58.720,63.688
58.730,61.846
58.740,61.672
58.750,66.857
58.760,63.666
58.770,65.150
58.780,60.908
58.790,65.110
58.800,59.812
58.810,60.667
58.820,63.647
58.830,64.284
58.840,61.208
58.850,64.401
58.860,59.385
58.870,60.460
58.880,67.862
58.890,63.762
58.900,64.153
58.910,62.517
58.920,60.004
58.930,63.507
58.940,67.165
58.950,63.493
58.960,61.250
58.970,67.520
58.980,65.228
58.990,62.809
59.000,61.662
59.010,61.971
59.020,63.605
59.030,64.429
59.040,63.183
59.050,60.205
59.060,64.391
59.070,65.401
59.080,68.265
59.090,68.415
59.100,59.627
59.110,66.502
59.120,68.531
59.130,67.318
59.140,59.543
59.150,65.877
59.160,59.106
59.170,64.910
59.180,63.416
59.190,62.773
59.200,64.157
59.210,59.757
59.220,59.925
59.230,65.924
59.240,62.173
59.250,68.452
59.260,65.104
59.270,61.676
59.280,62.207
59.290,65.201
59.300,68.271
59.310,65.268
59.320,65.299
59.330,62.292
59.340,67.057
59.350,68.406
59.360,67.704
59.370,61.058
59.380,68.319
59.390,63.822
59.400,59.234
59.410,63.610
59.420,64.591
59.430,60.833
59.440,64.702
59.450,62.522
59.460,60.405
59.470,64.496
59.480,61.925
59.490,66.704
59.500,61.965
59.510,63.916
59.520,62.608
59.530,60.916
59.540,64.118
59.550,61.001
59.560,59.562
59.570,60.734
59.580,60.693
59.590,64.712
59.600,68.067
59.610,63.603
59.620,67.607
59.630,67.816
59.640,59.768
59.650,62.624
59.660,67.727
59.670,67.018
59.680,67.880
59.690,66.465
59.700,64.192
59.710,63.367
59.720,61.030
59.730,61.932
59.740,68.217
59.750,67.292
59.760,64.239
59.770,62.273
59.780,64.621
59.790,59.970
59.800,62.848
59.810,60.034
59.820,63.137
59.830,67.611
59.840,67.132
59.850,62.282
59.860,64.316
59.870,60.317
59.880,60.224
59.890,59.782
59.900,59.270
59.910,63.678
59.920,65.213
59.930,68.037
59.940,62.260
59.950,62.210
59.960,60.297
59.970,66.725
59.980,64.160
59.990,64.589
