t_s,envelope_uV
0.000,82.4758
0.010,82.3581
0.020,85.7634
0.030,79.1536
0.040,94.8896
0.050,89.2174
0.060,95.6287
0.070,88.4198
0.080,90.5351
0.090,87.4371
0.100,83.5099
0.110,86.9161
0.120,84.9028
0.130,97.8040
0.140,83.8683
0.150,91.3566
0.160,84.1385
0.170,92.2297
0.180,83.4802
0.190,99.2828
0.200,99.8725
0.210,99.5257
0.220,85.7318
0.230,95.4465
0.240,100.2049
0.250,88.3517
0.260,89.7957
0.270,98.3772
0.280,99.7652
0.290,88.2962
0.300,85.7305
0.310,85.8874
0.320,95.0202
0.330,98.0285
0.340,98.1619
0.350,89.6539
0.360,99.3371
0.370,101.2452
0.380,99.9347
0.390,87.3528
0.400,90.4294
0.410,88.1484
0.420,101.6468
0.430,90.1490
0.440,89.0861
0.450,91.7057
0.460,89.7383
0.470,94.5296
0.480,93.6173
0.490,94.2649
0.500,93.1675
0.510,94.3135
0.520,97.6884
0.530,84.8761
0.540,88.9036
0.550,89.1069
0.560,99.2944
0.570,83.2697
0.580,92.7652
0.590,87.5109
0.600,88.9709
0.610,90.0132
0.620,86.1794
0.630,90.6811
0.640,88.1572
0.650,90.4650
0.660,80.0713
0.670,94.3588
0.680,80.3211
0.690,83.1177
0.700,78.7313
0.710,80.7385
0.720,86.1028
0.730,83.0096
0.740,93.0279
0.750,87.2160
0.760,78.5669
0.770,78.0006
0.780,92.1363
0.790,76.7588
0.800,89.0313
0.810,81.7233
0.820,81.4425
0.830,88.0310
0.840,88.1311
0.850,89.3475
0.860,76.7509
0.870,87.4929
0.880,84.9396
0.890,79.7784
0.900,77.0432
0.910,84.0954
0.920,88.8327
0.930,88.1481
0.940,81.2688
0.950,80.6519
0.960,79.1678
0.970,87.3460
0.980,87.3823
0.990,85.2243
1.000,86.3163
1.010,81.8325
1.020,73.4409
1.030,86.2035
1.040,79.8507
1.050,85.6653
1.060,81.7378
1.070,87.9350
1.080,87.0620
1.090,86.6348
1.100,75.8572
1.110,81.8665
1.120,74.0550
1.130,79.7613
1.140,85.8947
1.150,76.6811
1.160,78.0864
1.170,87.8583
1.180,85.1170
1.190,85.8307
1.200,73.8661
1.210,82.3222
1.220,78.9418
1.230,83.3913
1.240,73.6207
1.250,80.5130
1.260,89.0159
1.270,88.9256
1.280,75.6845
1.290,80.9414
1.300,85.8417
1.310,79.7409
1.320,83.1608
1.330,80.9346
1.340,79.9938
1.350,82.4732
1.360,76.9598
1.370,78.1457
1.380,87.0022
1.390,78.3092
1.400,84.1424
1.410,90.4241
1.420,87.8675
1.430,95.0630
1.440,93.8873
1.450,89.8734
1.460,84.5758
1.470,93.4856
1.480,80.3075
1.490,86.0244
1.500,83.8068
1.510,88.8188
1.520,80.9079
1.530,88.1512
1.540,95.2964
1.550,87.2920
1.560,84.8346
1.570,88.7337
1.580,85.3859
1.590,98.2665
1.600,89.0013
1.610,84.7021
1.620,93.1948
1.630,90.5916
1.640,94.0957
1.650,88.5822
1.660,99.8760
1.670,89.4957
1.680,86.9288
1.690,91.7911
1.700,95.3693
1.710,88.4300
1.720,95.8997
1.730,85.9362
1.740,95.6765
1.750,96.7667
1.760,93.8405
1.770,87.4045
1.780,102.1425
1.790,91.9167
1.800,93.5213
1.810,87.1654
1.820,94.7860
1.830,89.3115
1.840,92.1906
1.850,86.3829
1.860,86.5818
1.870,87.7978
1.880,88.2747
1.890,87.8013
1.900,95.8337
1.910,92.1380
1.920,91.8064
1.930,89.3056
1.940,84.4631
1.950,86.9963
1.960,87.3822
1.970,87.5122
1.980,90.5596
1.990,86.6888
2.000,92.7157
2.010,97.7189
2.020,99.0025
2.030,83.3466
2.040,85.9572
2.050,97.8517
2.060,97.2106
2.070,97.3018
2.080,87.6039
2.090,88.6968
2.100,93.4920
2.110,83.9787
2.120,85.3845
2.130,92.4853
2.140,80.4161
2.150,85.4087
2.160,93.2280
2.170,88.5827
2.180,87.4197
2.190,90.1503
2.200,83.0816
2.210,92.0789
2.220,90.9271
2.230,76.2440
2.240,87.1438
2.250,87.4358
2.260,80.0604
2.270,84.5429
2.280,79.3974
2.290,88.1710
2.300,85.4567
2.310,77.0221
2.320,84.5509
2.330,79.9461
2.340,88.0135
2.350,79.7620
2.360,78.8233
2.370,80.8234
2.380,74.7744
2.390,81.8501
2.400,72.2402
2.410,86.9513
2.420,74.7345
2.430,82.7378
2.440,84.1219
2.450,81.0372
2.460,88.6220
2.470,83.0185
2.480,79.4262
2.490,71.6904
2.500,76.1900
2.510,74.4557
2.520,71.5731
2.530,85.7670
2.540,86.1199
2.550,81.1054
2.560,79.3862
2.570,75.3504
2.580,86.7297
2.590,72.3318
2.600,84.0423
2.610,77.8836
2.620,76.1081
2.630,72.5891
2.640,73.8161
2.650,73.2838
2.660,85.4066
2.670,84.6970
2.680,79.9771
2.690,84.6960
2.700,88.5984
2.710,77.2119
2.720,78.5703
2.730,84.8203
2.740,84.6374
2.750,88.6401
2.760,91.2351
2.770,78.5295
2.780,82.6605
2.790,87.4368
2.800,85.5167
2.810,90.1718
2.820,91.8625
2.830,90.8163
2.840,83.6410
2.850,81.4737
2.860,84.6905
2.870,79.8023
2.880,95.4668
2.890,89.1862
2.900,92.6991
2.910,82.0991
2.920,96.6438
2.930,95.7420
2.940,86.3967
2.950,90.3421
2.960,88.6230
2.970,86.9905
2.980,82.6465
2.990,88.7624
3.000,91.9884
3.010,86.8933
3.020,92.4268
3.030,83.7242
3.040,86.8458
3.050,85.1024
3.060,95.4407
3.070,101.2290
3.080,100.7639
3.090,90.6425
3.100,99.6647
3.110,94.6462
3.120,93.5345
3.130,96.0035
3.140,96.2736
3.150,96.5842
3.160,98.7669
3.170,93.1235
3.180,87.4933
3.190,88.2593
3.200,86.6129
3.210,100.1179
3.220,92.9045
3.230,99.2552
3.240,92.0613
3.250,99.1386
3.260,96.8021
3.270,100.9808
3.280,89.7274
3.290,101.6691
3.300,95.9700
3.310,101.5939
3.320,96.3074
3.330,87.0955
3.340,91.4003
3.350,87.5822
3.360,101.2035
3.370,98.7953
3.380,91.6968
3.390,85.4102
3.400,86.6647
3.410,98.0181
3.420,93.0532
3.430,84.6371
3.440,89.2069
3.450,92.7645
3.460,98.1610
3.470,88.2286
3.480,89.0652
3.490,85.3485
3.500,96.4273
3.510,95.5073
3.520,80.9139
3.530,92.6008
3.540,83.0226
3.550,80.0791
3.560,95.4354
3.570,81.8917
3.580,92.8827
3.590,89.1652
3.600,81.5104
3.610,83.3070
3.620,79.9854
3.630,76.9073
3.640,76.6776
3.650,93.4626
3.660,89.4811
3.670,85.5509
3.680,89.9587
3.690,83.3446
3.700,84.2899
3.710,83.2208
3.720,74.9968
3.730,86.6497
3.740,80.8517
3.750,86.2481
3.760,84.7594
3.770,87.5008
3.780,77.5448
3.790,81.0947
3.800,80.0442
3.810,86.4120
3.820,85.2151
3.830,72.5457
3.840,72.4967
3.850,85.9355
3.860,85.0070
3.870,77.2242
3.880,78.3274
3.890,78.2966
3.900,72.1649
3.910,85.0699
3.920,75.2669
3.930,86.7952
3.940,87.4962
3.950,73.7732
3.960,73.7607
3.970,83.0724
3.980,84.9025
3.990,78.4509
4.000,88.3050
4.010,88.3495
4.020,75.6852
4.030,72.3653
4.040,80.4029
4.050,85.7025
4.060,81.0760
4.070,82.5925
4.080,85.4933
4.090,82.8572
4.100,86.6740
4.110,87.6217
4.120,88.8476
4.130,81.4024
4.140,83.0651
4.150,82.6474
4.160,87.7761
4.170,79.6464
4.180,76.3307
4.190,76.3227
4.200,81.1717
4.210,91.3537
4.220,85.2308
4.230,78.2427
4.240,81.6327
4.250,85.2848
4.260,82.9179
4.270,91.1025
4.280,79.1282
4.290,81.6637
4.300,87.7238
4.310,82.5395
4.320,82.1779
4.330,81.7883
4.340,83.2470
4.350,83.7872
4.360,93.4625
4.370,95.8770
4.380,89.7288
4.390,91.9234
4.400,89.5774
4.410,83.1438
4.420,91.4699
4.430,92.1761
4.440,91.6370
4.450,90.7987
4.460,94.7422
4.470,99.2437
4.480,97.1014
4.490,101.1368
4.500,86.3302
4.510,97.2081
4.520,89.0802
4.530,94.2367
4.540,85.9385
4.550,101.5208
4.560,99.3602
4.570,87.0509
4.580,97.1058
4.590,102.2402
4.600,94.6021
4.610,96.7741
4.620,90.7556
4.630,96.3230
4.640,94.2211
4.650,102.5819
4.660,94.6910
4.670,89.5315
4.680,98.7813
4.690,88.2303
4.700,85.6284
4.710,91.9674
4.720,96.8109
4.730,87.2458
4.740,86.8132
4.750,99.7927
4.760,96.4445
4.770,97.3815
4.780,100.6814
4.790,86.1714
4.800,96.7453
4.810,86.0117
4.820,98.0288
4.830,88.0798
4.840,89.2335
4.850,98.0256
4.860,92.1286
4.870,82.8327
4.880,83.1005
4.890,84.2523
4.900,90.3959
4.910,90.9369
4.920,96.4036
4.930,89.9351
4.940,87.3451
4.950,89.4441
4.960,88.2621
4.970,83.9914
4.980,94.1005
4.990,91.8346
5.000,90.5465
5.010,89.8328
5.020,81.0982
5.030,82.5005
5.040,88.7275
5.050,87.1777
5.060,78.5188
5.070,88.2684
5.080,91.6060
5.090,90.2538
5.100,79.9518
5.110,81.7434
5.120,87.8298
5.130,85.4739
5.140,75.0968
5.150,86.4452
5.160,79.8915
5.170,78.0145
5.180,80.7314
5.190,88.8740
5.200,75.0809
5.210,82.7283
5.220,86.8258
5.230,73.1136
5.240,84.3515
5.250,89.8135
5.260,85.3783
5.270,78.6145
5.280,75.3459
5.290,78.3724
5.300,75.6991
5.310,86.5031
5.320,75.4099
5.330,77.6259
5.340,73.7789
5.350,79.5295
5.360,81.5052
5.370,79.8490
5.380,88.6237
5.390,76.6143
5.400,86.1815
5.410,83.2732
5.420,83.9242
5.430,74.4353
5.440,87.7765
5.450,76.2662
5.460,89.8221
5.470,88.5447
5.480,84.1385
5.490,89.7445
5.500,90.0778
5.510,81.6775
5.520,82.9415
5.530,87.1013
5.540,83.8216
5.550,78.4999
5.560,79.7800
5.570,91.5841
5.580,83.8257
5.590,85.1006
5.600,86.0917
5.610,81.3927
5.620,86.4993
5.630,76.8886
5.640,90.0293
5.650,88.7526
5.660,93.0764
5.670,81.6157
5.680,89.0110
5.690,78.7110
5.700,88.5964
5.710,94.8251
5.720,82.9491
5.730,95.8763
5.740,83.4113
5.750,89.8642
5.760,89.5389
5.770,96.8375
5.780,85.2916
5.790,89.5277
5.800,88.7917
5.810,82.5531
5.820,96.8700
5.830,92.0609
5.840,90.1316
5.850,86.0129
5.860,83.3550
5.870,97.9127
5.880,86.4390
5.890,85.0332
5.900,91.3332
5.910,91.4181
5.920,87.1952
5.930,99.6433
5.940,89.3253
5.950,94.6289
5.960,90.6778
5.970,100.9722
5.980,88.0701
5.990,98.6970
6.000,86.7190
6.010,91.3061
6.020,91.5139
6.030,100.5019
6.040,102.4175
6.050,91.5802
6.060,92.5468
6.070,96.9601
6.080,87.0380
6.090,89.0903
6.100,99.6722
6.110,92.1217
6.120,102.4098
6.130,101.8258
6.140,89.0625
6.150,95.3890
6.160,86.8929
6.170,94.5164
6.180,90.0609
6.190,86.3932
6.200,96.2563
6.210,92.1470
6.220,85.5650
6.230,95.5606
6.240,86.2068
6.250,94.7755
6.260,100.5393
6.270,92.1803
6.280,85.8990
6.290,88.7086
6.300,86.5992
6.310,98.5056
6.320,87.6638
6.330,94.5958
6.340,83.5751
6.350,88.1485
6.360,89.6871
6.370,93.4175
6.380,88.7440
6.390,81.5626
6.400,87.1120
6.410,88.0459
6.420,85.6393
6.430,91.6352
6.440,80.3518
6.450,87.6943
6.460,79.1129
6.470,91.1313
6.480,84.2111
6.490,90.6900
6.500,82.7537
6.510,79.7579
6.520,92.5176
6.530,78.2268
6.540,90.9840
6.550,89.2828
6.560,75.4772
6.570,76.8734
6.580,78.2500
6.590,80.1541
6.600,76.7404
6.610,80.2879
6.620,79.5139
6.630,82.6606
6.640,83.9468
6.650,73.9531
6.660,77.8954
6.670,82.2596
6.680,80.3647
6.690,82.8842
6.700,81.9178
6.710,89.4748
6.720,74.6027
6.730,74.0516
6.740,89.4499
6.750,73.7252
6.760,74.9664
6.770,87.1971
6.780,73.2656
6.790,74.3835
6.800,74.8213
6.810,78.7158
6.820,74.7358
6.830,78.7996
6.840,87.8918
6.850,80.8228
6.860,80.0136
6.870,88.5084
6.880,86.9808
6.890,83.4106
6.900,77.5765
6.910,80.6344
6.920,89.5732
6.930,78.8987
6.940,87.9875
6.950,85.6597
6.960,79.3450
6.970,83.3658
6.980,91.5597
6.990,78.1579
7.000,83.1145
7.010,80.4317
7.020,80.5391
7.030,88.5730
7.040,78.6885
7.050,78.9023
7.060,87.2514
7.070,93.7058
7.080,92.8428
7.090,94.3592
7.100,89.4251
7.110,80.4323
7.120,79.9460
7.130,91.4316
7.140,85.1800
7.150,84.0483
7.160,81.2962
7.170,94.8396
7.180,86.4764
7.190,92.2909
7.200,86.4105
7.210,82.7756
7.220,89.9858
7.230,87.7456
7.240,98.1349
7.250,91.9876
7.260,99.2371
7.270,99.3126
7.280,84.4626
7.290,89.7593
7.300,96.1986
7.310,100.2061
7.320,99.3887
7.330,94.3641
7.340,95.6787
7.350,100.8912
7.360,99.7516
7.370,85.2702
7.380,88.0678
7.390,99.0503
7.400,100.7227
7.410,90.8962
7.420,95.8561
7.430,90.3166
7.440,102.0442
7.450,102.2813
7.460,96.5898
7.470,92.6814
7.480,94.3073
7.490,102.1444
7.500,95.8743
7.510,99.5747
7.520,95.7877
7.530,97.6538
7.540,103.1023
7.550,86.4760
7.560,97.7513
7.570,100.6426
7.580,92.2039
7.590,102.4180
7.600,91.1565
7.610,100.8076
7.620,86.6785
7.630,85.8677
7.640,100.8543
7.650,98.3608
7.660,84.6842
7.670,98.8774
7.680,98.4326
7.690,98.8207
7.700,84.1616
7.710,90.1550
7.720,97.2710
7.730,99.7496
7.740,88.7545
7.750,94.4536
7.760,95.0789
7.770,94.6738
7.780,85.1917
7.790,92.2722
7.800,86.0872
7.810,92.9763
7.820,87.8350
7.830,94.1226
7.840,94.9151
7.850,91.5982
7.860,86.8246
7.870,92.3129
7.880,91.0265
7.890,79.2996
7.900,83.9419
7.910,89.0001
7.920,80.9608
7.930,80.1245
7.940,81.4991
7.950,78.1610
7.960,88.5346
7.970,92.4627
7.980,80.5882
7.990,82.4621
8.000,89.8029
8.010,92.2419
8.020,77.2365
8.030,88.4456
8.040,82.0886
8.050,87.3619
8.060,77.2747
8.070,78.4659
8.080,86.8045
8.090,90.3389
8.100,85.7597
8.110,77.2279
8.120,74.7594
8.130,77.9780
8.140,85.2832
8.150,81.1918
8.160,80.3174
8.170,75.2191
8.180,79.6743
8.190,80.3644
8.200,80.4030
8.210,84.4196
8.220,78.7216
8.230,83.3527
8.240,80.2009
8.250,73.9677
8.260,89.2126
8.270,88.6697
8.280,77.7611
8.290,86.4870
8.300,85.6501
8.310,76.0500
8.320,74.5851
8.330,76.9993
8.340,87.0420
8.350,84.6195
8.360,85.3624
8.370,89.6095
8.380,82.2275
8.390,77.3697
8.400,75.1885
8.410,91.6317
8.420,84.6632
8.430,79.9253
8.440,91.6899
8.450,92.5869
8.460,91.5639
8.470,83.6947
8.480,79.6344
8.490,91.6253
8.500,92.0229
8.510,82.7277
8.520,93.9550
8.530,92.4176
8.540,78.5876
8.550,95.6343
8.560,79.7636
8.570,91.8270
8.580,79.9361
8.590,80.7281
8.600,96.7032
8.610,84.8703
8.620,83.1881
8.630,81.2765
8.640,97.8461
8.650,88.1275
8.660,99.0272
8.670,90.5145
8.680,92.0950
8.690,91.4237
8.700,96.2478
8.710,90.0388
8.720,94.4607
8.730,96.3071
8.740,99.2708
8.750,90.3296
8.760,94.6331
8.770,97.9277
8.780,89.0604
8.790,90.8376
8.800,96.7191
8.810,86.4648
8.820,89.2560
8.830,99.4689
8.840,102.0757
8.850,101.4691
8.860,98.5293
8.870,96.0489
8.880,103.3294
8.890,90.6835
8.900,91.8251
8.910,87.9680
8.920,89.1983
8.930,87.2091
8.940,86.7713
8.950,102.1832
8.960,102.3324
8.970,97.3178
8.980,99.9151
8.990,97.6114
9.000,87.1357
9.010,100.9044
9.020,94.7940
9.030,90.2422
9.040,89.6885
9.050,100.6209
9.060,92.7321
9.070,91.0452
9.080,101.2035
9.090,89.3259
9.100,97.4066
9.110,87.9552
9.120,86.2961
9.130,94.4195
9.140,86.2919
9.150,88.5297
9.160,98.5374
9.170,91.6781
9.180,96.9348
9.190,91.7289
9.200,93.9216
9.210,97.3496
9.220,83.8488
9.230,96.2208
9.240,89.3643
9.250,84.5200
9.260,88.7628
9.270,84.1222
9.280,95.6185
9.290,93.3056
9.300,95.7003
9.310,79.7128
9.320,84.3695
9.330,93.8692
9.340,88.2761
9.350,78.9016
9.360,86.5708
9.370,91.7680
9.380,78.8798
9.390,81.5793
9.400,86.9386
9.410,77.3361
9.420,82.4367
9.430,85.0893
9.440,90.6723
9.450,77.9236
9.460,91.4147
9.470,91.8234
9.480,90.4468
9.490,82.3917
9.500,87.9002
9.510,89.8824
9.520,87.3748
9.530,80.6772
9.540,87.1309
9.550,87.3165
9.560,81.4675
9.570,88.9310
9.580,88.1830
9.590,75.3237
9.600,83.7203
9.610,86.9942
9.620,74.2245
9.630,81.6669
9.640,77.5660
9.650,75.1959
9.660,78.3853
9.670,80.1241
9.680,75.2775
9.690,77.8743
9.700,87.1166
9.710,74.4893
9.720,81.5914
9.730,78.8063
9.740,74.7378
9.750,74.3395
9.760,88.8872
9.770,87.9076
9.780,88.6026
9.790,82.7485
9.800,88.7424
9.810,91.0307
9.820,75.2934
9.830,77.2099
9.840,89.4883
9.850,77.9063
9.860,80.5738
9.870,77.8494
9.880,85.7220
9.890,78.2299
9.900,93.8112
9.910,93.8975
9.920,86.6115
9.930,90.9794
9.940,80.7685
9.950,83.7635
9.960,93.0021
9.970,81.2163
9.980,85.2303
9.990,96.5077
10.000,86.6615
10.010,91.0607
10.020,88.5233
10.030,85.7700
10.040,93.0391
10.050,89.6677
10.060,95.5578
10.070,99.0515
10.080,92.7705
10.090,99.2030
10.100,87.9229
10.110,93.9192
10.120,89.8402
10.130,93.8001
10.140,99.1764
10.150,96.8302
10.160,85.4083
10.170,85.7729
10.180,99.0030
10.190,87.5873
10.200,92.5294
10.210,95.1579
10.220,96.2354
10.230,88.0154
10.240,101.1282
10.250,102.7975
10.260,87.5444
10.270,86.9828
10.280,93.0808
10.290,93.5304
10.300,94.2875
10.310,93.0484
10.320,86.9331
10.330,101.7899
10.340,96.9790
10.350,97.7918
10.360,100.8446
10.370,102.3030
10.380,94.0480
10.390,92.0314
10.400,86.7928
10.410,93.8080
10.420,91.0430
10.430,96.2066
10.440,94.1155
10.450,95.5678
10.460,90.1753
10.470,87.9408
10.480,96.5760
10.490,94.3479
10.500,87.0906
10.510,93.1708
10.520,96.8990
10.530,93.6394
10.540,99.9100
10.550,93.7233
10.560,97.9835
10.570,94.7966
10.580,90.8627
10.590,88.0624
10.600,93.0139
10.610,84.0331
10.620,96.6177
10.630,91.7212
10.640,85.5873
10.650,96.1490
10.660,87.0020
10.670,89.6376
10.680,92.2537
10.690,96.1085
10.700,93.2318
10.710,94.4659
10.720,79.9096
10.730,86.4504
10.740,79.2839
10.750,88.3945
10.760,93.7708
10.770,82.4729
10.780,87.5813
10.790,81.6486
10.800,83.5515
10.810,80.5399
10.820,87.5926
10.830,86.6836
10.840,82.8836
10.850,79.8127
10.860,88.5697
10.870,84.9838
10.880,88.6358
10.890,84.4325
10.900,84.9386
10.910,89.3907
10.920,83.8767
10.930,80.9072
10.940,89.2244
10.950,81.7382
10.960,79.2493
10.970,80.5093
10.980,76.3725
10.990,90.2708
11.000,75.9172
11.010,74.3193
11.020,81.4420
11.030,89.7233
11.040,90.1401
11.050,79.6241
11.060,81.0599
11.070,81.6347
11.080,89.9666
11.090,77.5067
11.100,81.6541
11.110,74.0179
11.120,85.5449
11.130,74.0527
11.140,78.5972
11.150,85.6809
11.160,87.4486
11.170,76.5725
11.180,80.6019
11.190,88.4208
11.200,74.9191
11.210,76.5314
11.220,77.5593
11.230,77.4437
11.240,84.2240
11.250,90.6660
11.260,89.7699
11.270,88.4308
11.280,85.4829
11.290,81.7051
11.300,78.9735
11.310,79.9933
11.320,92.0208
11.330,87.9786
11.340,92.0919
11.350,94.2944
11.360,87.4965
11.370,79.4259
11.380,95.6632
11.390,88.8539
11.400,85.0237
11.410,82.7628
11.420,80.9263
11.430,89.4772
11.440,91.3944
11.450,97.5082
11.460,86.8246
11.470,92.1957
11.480,97.5974
11.490,83.2904
11.500,84.5686
11.510,94.1641
11.520,90.6690
11.530,99.0788
11.540,100.6219
11.550,96.0950
11.560,88.6025
11.570,101.3845
11.580,85.6562
11.590,87.1228
11.600,95.3924
11.610,90.9436
11.620,102.2366
11.630,99.3219
11.640,92.5511
11.650,95.9839
11.660,92.1061
11.670,102.2152
11.680,88.1547
11.690,101.6811
11.700,92.1705
11.710,91.6923
11.720,97.4300
11.730,88.1109
11.740,93.6015
11.750,96.5614
11.760,92.5529
11.770,97.4880
11.780,98.4088
11.790,97.6145
11.800,91.7574
11.810,89.5346
11.820,98.1595
11.830,98.2886
11.840,104.0326
11.850,94.1731
11.860,102.0024
11.870,101.0395
11.880,90.7182
11.890,90.4201
11.900,100.5228
11.910,101.2325
11.920,101.5581
11.930,101.4691
11.940,88.3777
11.950,87.3966
11.960,92.9110
11.970,96.6831
11.980,86.2039
11.990,99.4477
12.000,93.6452
12.010,90.1717
12.020,97.9647
12.030,89.3343
12.040,83.6757
12.050,87.5960
12.060,95.4516
12.070,96.5620
12.080,95.5056
12.090,83.3722
12.100,94.6666
12.110,92.7904
12.120,96.2063
12.130,89.8169
12.140,91.1178
12.150,83.0110
12.160,89.8314
12.170,95.9976
12.180,89.3237
12.190,82.1770
12.200,82.3525
12.210,90.1851
12.220,81.6638
12.230,78.2195
12.240,80.9864
12.250,83.3706
12.260,89.8323
12.270,82.8932
12.280,77.7213
12.290,89.2036
12.300,88.3047
12.310,90.0723
12.320,80.7290
12.330,82.6095
12.340,81.0090
12.350,77.4385
12.360,83.8516
12.370,87.4685
12.380,79.2330
12.390,80.6532
12.400,78.9658
12.410,75.5568
12.420,88.8145
12.430,75.0569
12.440,76.1061
12.450,87.5516
12.460,90.7135
12.470,85.9882
12.480,89.4400
12.490,86.1550
12.500,76.4681
12.510,79.5211
12.520,77.6594
12.530,88.6526
12.540,81.7441
12.550,84.1154
12.560,74.1606
12.570,83.2180
12.580,75.8603
12.590,87.0255
12.600,89.5893
12.610,86.4099
12.620,88.7351
12.630,84.2199
12.640,75.0919
12.650,90.3638
12.660,80.1693
12.670,87.8446
12.680,90.9073
12.690,76.8674
12.700,86.0149
12.710,83.8914
12.720,92.8413
12.730,84.9393
12.740,88.4266
12.750,78.7976
12.760,85.0950
12.770,83.0513
12.780,88.9988
12.790,90.5868
12.800,88.9655
12.810,86.1735
12.820,88.5300
12.830,94.9159
12.840,91.0587
12.850,94.7251
12.860,94.5571
12.870,93.0909
12.880,85.3406
12.890,82.2062
12.900,95.4646
12.910,97.9478
12.920,95.8102
12.930,87.5787
12.940,96.7607
12.950,97.0431
12.960,95.1921
12.970,94.4276
12.980,88.5211
12.990,89.5951
13.000,97.8864
13.010,94.0953
13.020,97.8638
13.030,90.1199
13.040,99.0808
13.050,91.3077
13.060,92.7690
13.070,95.3962
13.080,92.0032
13.090,96.1173
13.100,96.7240
13.110,90.9650
13.120,98.3354
13.130,97.0188
13.140,89.5231
13.150,97.1404
13.160,97.3656
13.170,89.3125
13.180,92.0696
13.190,103.8016
13.200,91.2986
13.210,91.5879
13.220,103.0067
13.230,94.8738
13.240,95.5196
13.250,93.7167
13.260,99.3210
13.270,96.1353
13.280,103.1582
13.290,103.4005
13.300,94.7064
13.310,92.0245
13.320,101.7877
13.330,98.5938
13.340,101.0419
13.350,96.2284
13.360,92.8969
13.370,98.0798
13.380,94.6869
13.390,96.2455
13.400,85.2644
13.410,98.3239
13.420,90.4829
13.430,87.6331
13.440,93.8805
13.450,89.2716
13.460,96.0946
13.470,99.4003
13.480,89.2353
13.490,97.1205
13.500,96.1938
13.510,86.5305
13.520,96.3236
13.530,89.4576
13.540,84.2691
13.550,88.3221
13.560,88.6136
13.570,94.8182
13.580,97.2206
13.590,82.8759
13.600,93.3412
13.610,89.4339
13.620,82.6574
13.630,83.4968
13.640,82.7472
13.650,79.4230
13.660,89.0894
13.670,80.8907
13.680,85.6175
13.690,87.6661
13.700,93.3069
13.710,93.5047
13.720,93.5365
13.730,83.6941
13.740,89.6304
13.750,81.9429
13.760,91.3760
13.770,81.7962
13.780,81.0091
13.790,89.5411
13.800,89.6587
13.810,78.0750
13.820,88.0693
13.830,80.1313
13.840,84.6873
13.850,86.0723
13.860,83.7014
13.870,74.1400
13.880,86.2332
13.890,89.7839
13.900,79.8924
13.910,75.3104
13.920,89.5002
13.930,86.4277
13.940,78.8694
13.950,85.9788
13.960,88.4235
13.970,74.3549
13.980,74.8276
13.990,81.6421
14.000,84.5234
14.010,83.1948
14.020,75.1191
14.030,76.2580
14.040,83.0830
14.050,88.8921
14.060,88.9947
14.070,81.8047
14.080,85.1788
14.090,86.3171
14.100,85.9014
14.110,77.6699
14.120,81.5746
14.130,78.5179
14.140,84.4115
14.150,82.2340
14.160,88.4971
14.170,78.1587
14.180,90.7451
14.190,85.3452
14.200,86.6614
14.210,90.5332
14.220,91.1414
14.230,80.0325
14.240,86.3264
14.250,90.5531
14.260,90.1353
14.270,81.2968
14.280,93.4343
14.290,81.2821
14.300,82.6617
14.310,95.6073
14.320,82.8564
14.330,88.3830
14.340,89.9971
14.350,89.7883
14.360,88.3822
14.370,90.7437
14.380,95.0365
14.390,100.4038
14.400,97.5786
14.410,100.2093
14.420,100.5999
14.430,94.6146
14.440,100.2581
14.450,102.4184
14.460,86.5117
14.470,92.1295
14.480,99.7110
14.490,99.6108
14.500,103.5113
14.510,102.9858
14.520,98.1414
14.530,98.2585
14.540,90.6362
14.550,87.9553
14.560,100.4661
14.570,92.3148
14.580,97.1088
14.590,99.1265
14.600,91.3826
14.610,87.8598
14.620,104.4679
14.630,103.3772
14.640,96.0794
14.650,89.1858
14.660,97.2988
14.670,102.2607
14.680,89.7591
14.690,91.8968
14.700,94.9007
14.710,90.8497
14.720,95.3450
14.730,98.2000
14.740,94.0489
14.750,90.9950
14.760,98.8870
14.770,94.4963
14.780,98.0259
14.790,88.3715
14.800,86.3679
14.810,102.1604
14.820,87.4741
14.830,93.8087
14.840,101.8928
14.850,95.9818
14.860,88.7473
14.870,95.1508
14.880,95.2413
14.890,93.1454
14.900,84.3735
14.910,90.5775
14.920,97.8345
14.930,84.1173
14.940,94.3957
14.950,89.8589
14.960,89.5520
14.970,84.4690
14.980,84.6803
14.990,85.6457
15.000,97.8716
15.010,97.8690
15.020,90.8221
15.030,89.3511
15.040,89.8892
15.050,97.7347
15.060,98.9731
15.070,91.7056
15.080,99.6067
15.090,98.2326
15.100,101.3143
15.110,104.2942
15.120,102.5550
15.130,108.6256
15.140,106.2825
15.150,103.2216
15.160,112.0303
15.170,107.5376
15.180,116.8661
15.190,117.7819
15.200,120.7261
15.210,110.1083
15.220,110.5213
15.230,121.1422
15.240,118.5308
15.250,116.3536
15.260,121.4720
15.270,129.2968
15.280,118.5035
15.290,135.6726
15.300,131.0399
15.310,133.3992
15.320,133.6944
15.330,142.0718
15.340,142.2369
15.350,135.3430
15.360,138.4829
15.370,133.5810
15.380,134.1347
15.390,145.1592
15.400,143.4601
15.410,138.2065
15.420,140.6345
15.430,155.8750
15.440,151.9630
15.450,147.7721
15.460,152.3485
15.470,159.3849
15.480,155.3745
15.490,156.8351
15.500,158.5164
15.510,160.2527
15.520,163.5405
15.530,164.1163
15.540,163.9250
15.550,170.4108
15.560,157.8034
15.570,160.4876
15.580,173.0785
15.590,170.0294
15.600,166.3620
15.610,171.3705
15.620,173.1995
15.630,173.8302
15.640,183.6557
15.650,178.3320
15.660,178.1187
15.670,181.2487
15.680,175.0822
15.690,182.0548
15.700,184.3591
15.710,186.1140
15.720,192.9085
15.730,182.6704
15.740,193.8391
15.750,186.7189
15.760,187.1372
15.770,185.9213
15.780,191.1503
15.790,202.3892
15.800,188.4623
15.810,197.9495
15.820,197.9720
15.830,208.0144
15.840,198.3708
15.850,204.3141
15.860,208.9719
15.870,207.2252
15.880,210.8340
15.890,202.7682
15.900,210.9555
15.910,216.1890
15.920,211.7408
15.930,218.8998
15.940,210.0137
15.950,221.7834
15.960,210.2423
15.970,212.0025
15.980,225.7969
15.990,226.0840
16.000,217.4103
16.010,220.1886
16.020,229.4567
16.030,217.1737
16.040,228.7755
16.050,232.6676
16.060,223.4506
16.070,228.0533
16.080,220.8540
16.090,230.3452
16.100,215.8896
16.110,227.5904
16.120,232.4744
16.130,218.1971
16.140,231.7845
16.150,228.3984
16.160,223.2129
16.170,224.7934
16.180,217.9297
16.190,217.7609
16.200,216.8620
16.210,222.3107
16.220,230.8153
16.230,221.6499
16.240,230.6505
16.250,218.9194
16.260,230.8547
16.270,220.4843
16.280,224.3083
16.290,226.3518
16.300,217.1667
16.310,215.7321
16.320,229.9340
16.330,219.7827
16.340,231.5303
16.350,230.9164
16.360,229.3984
16.370,224.6484
16.380,215.7965
16.390,218.0792
16.400,219.6550
16.410,227.2864
16.420,220.5358
16.430,215.9201
16.440,217.8613
16.450,226.5724
16.460,231.2409
16.470,230.7141
16.480,216.1856
16.490,222.8962
16.500,216.4429
16.510,227.7637
16.520,216.5799
16.530,216.2145
16.540,221.0880
16.550,222.2512
16.560,219.8099
16.570,227.5853
16.580,216.2987
16.590,226.6589
16.600,220.0225
16.610,228.3630
16.620,229.8337
16.630,216.4415
16.640,223.5952
16.650,230.3089
16.660,230.6282
16.670,220.3438
16.680,231.1387
16.690,221.4526
16.700,230.4429
16.710,218.8937
16.720,223.6994
16.730,226.7281
16.740,216.3818
16.750,222.6594
16.760,227.8351
16.770,216.2364
16.780,221.1440
16.790,232.1169
16.800,228.0216
16.810,228.2746
16.820,217.2363
16.830,216.3108
16.840,224.9898
16.850,232.3088
16.860,225.5009
16.870,227.6797
16.880,227.8619
16.890,226.6683
16.900,232.3145
16.910,222.2693
16.920,223.4091
16.930,229.0649
16.940,232.8150
16.950,219.6211
16.960,227.6465
16.970,224.2080
16.980,232.2122
16.990,229.2381
17.000,93.0976
17.010,84.4934
17.020,90.5256
17.030,86.8795
17.040,85.4570
17.050,88.2978
17.060,82.6759
17.070,95.6090
17.080,91.5872
17.090,90.4112
17.100,87.1217
17.110,86.3195
17.120,92.1479
17.130,90.4584
17.140,82.8206
17.150,95.8712
17.160,95.8346
17.170,83.3083
17.180,92.6058
17.190,86.9730
17.200,83.3454
17.210,86.9786
17.220,99.2573
17.230,98.9641
17.240,95.7403
17.250,84.7789
17.260,93.5830
17.270,96.2581
17.280,102.4348
17.290,97.2223
17.300,92.5127
17.310,98.2581
17.320,99.2244
17.330,94.7678
17.340,100.2937
17.350,100.1453
17.360,95.4100
17.370,89.9686
17.380,90.8202
17.390,96.1853
17.400,92.4939
17.410,91.8128
17.420,97.7955
17.430,101.8434
17.440,91.3973
17.450,102.4823
17.460,97.9217
17.470,103.0277
17.480,91.3437
17.490,93.6910
17.500,95.2479
17.510,102.3759
17.520,89.3580
17.530,95.3277
17.540,88.7571
17.550,97.0337
17.560,100.4444
17.570,90.3264
17.580,88.7393
17.590,92.5796
17.600,89.1331
17.610,99.5913
17.620,98.1427
17.630,89.4314
17.640,100.3519
17.650,92.5813
17.660,97.3637
17.670,98.0263
17.680,102.4393
17.690,93.3848
17.700,89.1684
17.710,98.0063
17.720,88.9237
17.730,96.3252
17.740,93.3080
17.750,97.8269
17.760,97.5523
17.770,100.1520
17.780,94.1306
17.790,83.4823
17.800,95.0083
17.810,99.6921
17.820,93.5523
17.830,86.7535
17.840,83.3321
17.850,92.7974
17.860,82.7543
17.870,92.3909
17.880,96.0110
17.890,85.1412
17.900,90.9484
17.910,88.6056
17.920,81.9008
17.930,86.7934
17.940,82.9173
17.950,79.1677
17.960,87.0153
17.970,84.7872
17.980,83.7843
17.990,87.7519
18.000,84.4233
18.010,93.6057
18.020,86.9471
18.030,84.7977
18.040,86.2971
18.050,80.7756
18.060,76.2203
18.070,89.5004
18.080,88.4289
18.090,77.8243
18.100,82.2954
18.110,91.9748
18.120,78.2468
18.130,77.7629
18.140,78.6642
18.150,88.6251
18.160,82.6225
18.170,82.4341
18.180,81.2143
18.190,81.8028
18.200,85.8197
18.210,90.9021
18.220,88.9206
18.230,83.3808
18.240,89.7937
18.250,83.0016
18.260,78.2253
18.270,81.4878
18.280,80.6343
18.290,77.4575
18.300,88.1727
18.310,81.4603
18.320,83.0242
18.330,78.6152
18.340,80.8869
18.350,77.9272
18.360,83.5045
18.370,80.8336
18.380,78.5141
18.390,90.3689
18.400,86.9916
18.410,82.7568
18.420,82.0132
18.430,87.5500
18.440,90.5798
18.450,80.1785
18.460,86.3131
18.470,82.4834
18.480,91.7215
18.490,89.3634
18.500,95.0653
18.510,94.1667
18.520,94.2052
18.530,85.9778
18.540,88.5412
18.550,96.1373
18.560,84.7912
18.570,89.6061
18.580,87.7197
18.590,99.2994
18.600,94.6471
18.610,92.6054
18.620,94.5237
18.630,95.1231
18.640,91.8079
18.650,100.5584
18.660,86.0159
18.670,97.9203
18.680,89.1816
18.690,100.0379
18.700,88.5775
18.710,96.9067
18.720,98.3501
18.730,88.0329
18.740,97.5999
18.750,93.9638
18.760,92.3354
18.770,94.1512
18.780,93.4631
18.790,96.0330
18.800,96.9315
18.810,96.2538
18.820,102.3528
18.830,98.3424
18.840,97.3193
18.850,89.5280
18.860,102.0717
18.870,101.8209
18.880,90.4057
18.890,102.1275
18.900,89.8472
18.910,105.1980
18.920,94.1410
18.930,95.3491
18.940,88.5685
18.950,90.0346
18.960,91.0733
18.970,95.1824
18.980,88.8761
18.990,102.7363
19.000,103.5211
19.010,97.4840
19.020,89.3632
19.030,88.7384
19.040,101.2319
19.050,90.0609
19.060,100.0305
19.070,95.1319
19.080,94.4008
19.090,97.3646
19.100,93.3772
19.110,86.5744
19.120,86.7469
19.130,98.7050
19.140,88.3335
19.150,91.5191
19.160,95.1031
19.170,92.9641
19.180,87.7193
19.190,101.3874
19.200,84.7287
19.210,95.7012
19.220,86.6216
19.230,87.1093
19.240,92.1361
19.250,90.0929
19.260,95.1897
19.270,83.1389
19.280,96.9381
19.290,86.0880
19.300,81.5130
19.310,85.4617
19.320,95.0065
19.330,83.5477
19.340,91.1422
19.350,96.6744
19.360,94.4923
19.370,91.0317
19.380,95.4866
19.390,90.3726
19.400,79.8956
19.410,78.8256
19.420,92.0210
19.430,80.6506
19.440,92.7222
19.450,91.1270
19.460,80.8002
19.470,77.7462
19.480,89.0431
19.490,83.6754
19.500,86.6652
19.510,85.7245
19.520,87.7314
19.530,80.4391
19.540,82.1117
19.550,85.8162
19.560,86.9445
19.570,87.3955
19.580,83.2709
19.590,77.0725
19.600,85.2423
19.610,90.6701
19.620,86.7684
19.630,86.5016
19.640,78.8287
19.650,75.0241
19.660,82.8043
19.670,82.0421
19.680,90.1806
19.690,84.6739
19.700,77.4923
19.710,82.0750
19.720,86.8307
19.730,90.0624
19.740,78.9758
19.750,76.8740
19.760,92.0921
19.770,86.6879
19.780,83.9495
19.790,82.6891
19.800,93.6610
19.810,77.8941
19.820,93.6998
19.830,94.1441
19.840,79.1021
19.850,78.5029
19.860,84.5596
19.870,89.5283
19.880,86.5767
19.890,83.7203
19.900,80.4289
19.910,90.6837
19.920,83.8171
19.930,84.0824
19.940,84.2013
19.950,92.5501
19.960,80.9389
19.970,85.8994
19.980,94.4013
19.990,92.1516
20.000,96.9557
20.010,84.5629
20.020,91.9705
20.030,90.2004
20.040,98.9900
20.050,85.3475
20.060,96.5486
20.070,88.1062
20.080,90.6744
20.090,87.1537
20.100,86.4837
20.110,96.4911
20.120,89.4328
20.130,101.5424
20.140,96.1314
20.150,89.8200
20.160,98.5427
20.170,87.4597
20.180,93.1467
20.190,103.5153
20.200,96.0166
20.210,99.5936
20.220,102.7072
20.230,91.0997
20.240,97.0075
20.250,94.9299
20.260,92.5954
20.270,98.6565
20.280,93.0444
20.290,99.1923
20.300,91.0887
20.310,93.6941
20.320,103.2995
20.330,101.6821
20.340,103.2383
20.350,89.1532
20.360,90.4208
20.370,97.6734
20.380,89.4926
20.390,101.1155
20.400,89.7864
20.410,101.4934
20.420,100.3228
20.430,104.7947
20.440,89.6155
20.450,89.2003
20.460,102.7770
20.470,93.5513
20.480,93.9990
20.490,103.4911
20.500,88.6717
20.510,91.9325
20.520,89.7893
20.530,99.3414
20.540,103.3786
20.550,91.4673
20.560,91.2098
20.570,101.7308
20.580,87.5126
20.590,95.5973
20.600,86.7808
20.610,90.2583
20.620,97.0461
20.630,100.4164
20.640,89.1391
20.650,100.7912
20.660,95.7047
20.670,96.7108
20.680,92.7852
20.690,99.1483
20.700,83.6499
20.710,86.5504
20.720,95.3584
20.730,96.5364
20.740,92.8392
20.750,87.1943
20.760,94.8174
20.770,94.0634
20.780,89.5516
20.790,96.5268
20.800,85.9525
20.810,93.2998
20.820,84.7419
20.830,78.7625
20.840,92.6527
20.850,78.2387
20.860,90.4283
20.870,94.2075
20.880,85.4324
20.890,87.4009
20.900,78.1064
20.910,77.3086
20.920,87.5729
20.930,83.2352
20.940,91.6009
20.950,76.4799
20.960,92.7100
20.970,88.9756
20.980,78.7128
20.990,85.0701
21.000,83.0053
21.010,89.0932
21.020,85.7329
21.030,90.6099
21.040,83.7800
21.050,75.4312
21.060,84.5824
21.070,82.2529
21.080,78.9532
21.090,91.2519
21.100,85.1192
21.110,86.6886
21.120,84.8228
21.130,78.1021
21.140,77.4390
21.150,87.0397
21.160,85.9639
21.170,86.5343
21.180,84.0662
21.190,83.0382
21.200,90.6645
21.210,85.8561
21.220,84.9633
21.230,90.8606
21.240,87.5126
21.250,86.6059
21.260,82.7943
21.270,84.3002
21.280,85.6753
21.290,79.1986
21.300,87.4536
21.310,92.3609
21.320,84.3267
21.330,88.2899
21.340,86.2705
21.350,91.3932
21.360,94.4879
21.370,89.8789
21.380,92.7814
21.390,93.3811
21.400,89.6228
21.410,97.2974
21.420,94.5454
21.430,92.3425
21.440,97.0392
21.450,91.2673
21.460,85.0434
21.470,94.8427
21.480,87.4241
21.490,88.1732
21.500,85.5625
21.510,89.9569
21.520,90.8298
21.530,95.2425
21.540,96.2341
21.550,90.0248
21.560,99.5591
21.570,90.9717
21.580,100.9680
21.590,96.4558
21.600,100.3931
21.610,96.1123
21.620,92.8662
21.630,93.2467
21.640,90.5826
21.650,90.4927
21.660,100.9542
21.670,104.6795
21.680,101.4705
21.690,95.7772
21.700,98.3419
21.710,90.6898
21.720,96.1871
21.730,101.2547
21.740,101.7271
21.750,91.0598
21.760,96.7214
21.770,91.7823
21.780,92.7176
21.790,99.9033
21.800,101.5122
21.810,100.9796
21.820,101.9635
21.830,93.6833
21.840,98.4025
21.850,105.0123
21.860,100.0847
21.870,103.3819
21.880,89.0029
21.890,100.4901
21.900,100.5712
21.910,100.6928
21.920,90.1584
21.930,99.9319
21.940,98.0100
21.950,99.7612
21.960,99.7776
21.970,98.2605
21.980,97.9620
21.990,88.4684
22.000,103.4376
22.010,86.8467
22.020,90.5169
22.030,90.4475
22.040,92.3441
22.050,90.1068
22.060,90.0572
22.070,84.5529
22.080,87.9831
22.090,94.4737
22.100,92.3987
22.110,97.3333
22.120,89.4843
22.130,87.3194
22.140,88.1834
22.150,86.0110
22.160,84.8964
22.170,89.6169
22.180,86.2772
22.190,96.5609
22.200,81.4629
22.210,97.3088
22.220,87.2181
22.230,87.2406
22.240,84.2870
22.250,96.1138
22.260,81.6743
22.270,90.8836
22.280,87.4031
22.290,93.8117
22.300,85.1959
22.310,85.4103
22.320,87.2775
22.330,84.8149
22.340,77.6731
22.350,83.5898
22.360,90.0963
22.370,86.3469
22.380,78.0076
22.390,85.1072
22.400,77.7515
22.410,91.3134
22.420,81.1346
22.430,83.9248
22.440,77.0953
22.450,89.0244
22.460,86.2343
22.470,91.5743
22.480,89.7946
22.490,78.8483
22.500,91.9163
22.510,91.0781
22.520,84.4531
22.530,78.3413
22.540,87.7660
22.550,90.1453
22.560,87.2233
22.570,90.3223
22.580,83.5990
22.590,79.1175
22.600,91.8418
22.610,77.4861
22.620,91.3000
22.630,84.6231
22.640,77.0944
22.650,85.4063
22.660,78.3758
22.670,89.1399
22.680,83.4398
22.690,85.1139
22.700,85.0596
22.710,79.5037
22.720,78.9168
22.730,79.6563
22.740,86.1597
22.750,85.7625
22.760,91.9082
22.770,80.4985
22.780,85.4857
22.790,81.7665
22.800,94.0312
22.810,81.7414
22.820,84.0211
22.830,98.7418
22.840,82.9999
22.850,95.2519
22.860,84.5955
22.870,97.7744
22.880,92.7366
22.890,85.1510
22.900,100.1599
22.910,97.1408
22.920,95.6553
22.930,86.5107
22.940,96.5173
22.950,87.7306
22.960,86.7142
22.970,91.9534
22.980,100.7122
22.990,87.1157
23.000,90.6058
23.010,88.5533
23.020,91.4428
23.030,93.0431
23.040,95.9340
23.050,102.5940
23.060,98.3741
23.070,90.3478
23.080,89.6250
23.090,92.8980
23.100,104.0864
23.110,89.4069
23.120,102.1304
23.130,94.8807
23.140,95.0955
23.150,93.5743
23.160,90.5205
23.170,103.3337
23.180,102.5046
23.190,94.7362
23.200,104.1486
23.210,102.9238
23.220,89.7229
23.230,95.0550
23.240,97.5297
23.250,95.4127
23.260,89.2634
23.270,101.3644
23.280,91.5726
23.290,103.0736
23.300,102.4795
23.310,92.6695
23.320,90.6010
23.330,91.0905
23.340,101.0861
23.350,103.3538
23.360,99.1022
23.370,93.3658
23.380,94.0069
23.390,100.4916
23.400,99.2783
23.410,94.5495
23.420,91.0805
23.430,91.6341
23.440,93.4435
23.450,88.8981
23.460,94.3151
23.470,92.6142
23.480,87.4713
23.490,92.8685
23.500,93.9306
23.510,94.0808
23.520,86.2717
23.530,92.3816
23.540,87.0993
23.550,83.1816
23.560,90.5690
23.570,87.6585
23.580,92.0476
23.590,93.6983
23.600,81.9398
23.610,87.1199
23.620,91.0958
23.630,83.7619
23.640,95.9368
23.650,96.4779
23.660,84.4655
23.670,86.5973
23.680,82.7354
23.690,91.4694
23.700,91.5406
23.710,92.6256
23.720,94.3691
23.730,91.1328
23.740,85.3865
23.750,90.6318
23.760,84.9154
23.770,92.0535
23.780,79.6937
23.790,89.4590
23.800,91.4466
23.810,89.7081
23.820,85.1613
23.830,85.3994
23.840,76.2721
23.850,79.8820
23.860,82.2849
23.870,77.4434
23.880,76.8861
23.890,84.7110
23.900,81.2937
23.910,80.9426
23.920,79.1429
23.930,81.8272
23.940,79.1303
23.950,92.1921
23.960,80.5793
23.970,76.3107
23.980,76.8130
23.990,88.1199
24.000,79.1218
24.010,89.1217
24.020,78.8472
24.030,90.4979
24.040,85.6065
24.050,87.4999
24.060,91.1509
24.070,89.1358
24.080,88.2681
24.090,91.8868
24.100,85.0163
24.110,94.9224
24.120,89.9288
24.130,87.7260
24.140,78.8310
24.150,93.6899
24.160,87.8155
24.170,95.3770
24.180,86.8344
24.190,89.4664
24.200,95.9162
24.210,87.3787
24.220,90.1388
24.230,91.3435
24.240,87.8541
24.250,95.6204
24.260,89.1288
24.270,92.5768
24.280,89.7246
24.290,84.6078
24.300,97.0380
24.310,85.1862
24.320,88.5922
24.330,90.7042
24.340,99.3408
24.350,101.0859
24.360,86.4589
24.370,85.2415
24.380,95.2361
24.390,101.4812
24.400,89.2552
24.410,91.9449
24.420,88.1847
24.430,86.8471
24.440,98.4849
24.450,87.7118
24.460,104.2128
24.470,101.0430
24.480,88.3245
24.490,94.7322
24.500,96.9796
24.510,90.9858
24.520,95.0811
24.530,89.8620
24.540,94.5953
24.550,95.8053
24.560,101.6545
24.570,105.0595
24.580,99.8368
24.590,98.6416
24.600,91.1061
24.610,105.1592
24.620,97.7363
24.630,91.2629
24.640,106.5031
24.650,106.7738
24.660,100.3614
24.670,100.2293
24.680,92.4412
24.690,96.0247
24.700,93.7296
24.710,90.2651
24.720,102.1790
24.730,91.1209
24.740,104.7163
24.750,98.1178
24.760,92.1841
24.770,94.9471
24.780,96.8907
24.790,101.8400
24.800,101.2737
24.810,94.0559
24.820,98.6126
24.830,101.1246
24.840,93.1212
24.850,102.8238
24.860,96.1214
24.870,87.5412
24.880,90.1524
24.890,100.2276
24.900,97.6796
24.910,95.5231
24.920,86.9965
24.930,90.2740
24.940,91.1573
24.950,87.9965
24.960,98.6327
24.970,100.3523
24.980,100.5519
24.990,88.5072
25.000,94.7914
25.010,94.6657
25.020,85.0366
25.030,83.3195
25.040,94.8553
25.050,90.0647
25.060,95.9715
25.070,86.2988
25.080,95.5011
25.090,90.7133
25.100,85.3346
25.110,86.4021
25.120,82.2518
25.130,92.7545
25.140,92.0831
25.150,79.5970
25.160,91.5078
25.170,84.1570
25.180,81.0223
25.190,87.5750
25.200,92.3074
25.210,94.5168
25.220,90.2936
25.230,89.4069
25.240,78.3304
25.250,77.0892
25.260,76.6678
25.270,86.2473
25.280,79.1499
25.290,86.8907
25.300,88.0299
25.310,80.4172
25.320,91.3936
25.330,84.4472
25.340,83.7050
25.350,84.0130
25.360,81.6546
25.370,77.0228
25.380,80.1293
25.390,91.3770
25.400,89.8376
25.410,79.9664
25.420,84.5778
25.430,85.4393
25.440,92.8065
25.450,92.2202
25.460,85.5045
25.470,87.0844
25.480,81.9250
25.490,82.3793
25.500,92.4315
25.510,84.7266
25.520,93.3808
25.530,86.3247
25.540,93.0652
25.550,80.5456
25.560,89.3038
25.570,89.0149
25.580,82.6650
25.590,89.8881
25.600,83.0370
25.610,87.6442
25.620,92.9259
25.630,87.9497
25.640,94.3987
25.650,82.9359
25.660,88.7340
25.670,93.4372
25.680,88.8844
25.690,93.9663
25.700,82.5411
25.710,98.9632
25.720,88.5942
25.730,97.8248
25.740,84.8021
25.750,100.2459
25.760,91.0952
25.770,84.9459
25.780,101.4609
25.790,99.0989
25.800,96.3993
25.810,87.2599
25.820,99.1078
25.830,103.3383
25.840,103.1928
25.850,87.9163
25.860,90.8653
25.870,89.2613
25.880,102.8591
25.890,94.4169
25.900,101.1697
25.910,92.4500
25.920,95.7323
25.930,99.6096
25.940,91.2076
25.950,98.4949
25.960,95.8106
25.970,92.3079
25.980,95.5279
25.990,101.4798
26.000,90.9546
26.010,101.8062
26.020,95.9636
26.030,90.8503
26.040,100.8854
26.050,95.7648
26.060,102.5582
26.070,90.3104
26.080,92.5890
26.090,93.5255
26.100,100.3982
26.110,95.7800
26.120,101.6173
26.130,99.9406
26.140,101.0773
26.150,94.9673
26.160,94.5968
26.170,103.7879
26.180,96.8982
26.190,91.8381
26.200,99.8720
26.210,105.0309
26.220,99.1971
26.230,98.9497
26.240,97.7233
26.250,100.1389
26.260,101.7043
26.270,94.6077
26.280,98.5134
26.290,92.0341
26.300,99.6779
26.310,96.4213
26.320,90.4369
26.330,95.9599
26.340,94.0645
26.350,88.3690
26.360,99.9236
26.370,88.5833
26.380,85.9754
26.390,88.6370
26.400,96.1646
26.410,94.9290
26.420,98.0300
26.430,94.7530
26.440,91.3304
26.450,91.1345
26.460,96.6925
26.470,93.0867
26.480,82.2052
26.490,90.2433
26.500,85.7444
26.510,90.0579
26.520,90.5484
26.530,80.3781
26.540,82.6723
26.550,92.2750
26.560,87.9300
26.570,83.5578
26.580,84.6820
26.590,83.4452
26.600,86.4171
26.610,87.9435
26.620,91.5701
26.630,86.3448
26.640,93.6106
26.650,84.5442
26.660,82.1318
26.670,90.6205
26.680,86.2900
26.690,81.2989
26.700,79.4037
26.710,88.3867
26.720,79.2834
26.730,88.4348
26.740,92.7471
26.750,90.7808
26.760,82.1216
26.770,93.3626
26.780,82.7389
26.790,81.0183
26.800,77.8455
26.810,80.3037
26.820,91.2677
26.830,77.3308
26.840,78.7532
26.850,84.0114
26.860,80.6610
26.870,83.5544
26.880,88.3505
26.890,92.0914
26.900,82.3980
26.910,88.1123
26.920,79.0019
26.930,90.2641
26.940,84.7794
26.950,79.3769
26.960,93.5501
26.970,78.4748
26.980,90.7011
26.990,93.1506
27.000,87.9372
27.010,91.8784
27.020,90.6824
27.030,80.9751
27.040,81.2402
27.050,89.7903
27.060,93.9495
27.070,83.3888
27.080,86.4587
27.090,87.5542
27.100,84.6107
27.110,92.2112
27.120,86.4495
27.130,93.4100
27.140,99.1325
27.150,84.9623
27.160,91.8812
27.170,86.1131
27.180,88.2747
27.190,97.9758
27.200,95.3005
27.210,90.1051
27.220,101.7135
27.230,89.0223
27.240,89.7555
27.250,96.6019
27.260,94.6666
27.270,94.6226
27.280,102.2439
27.290,94.8891
27.300,104.8728
27.310,88.3607
27.320,97.5495
27.330,91.2099
27.340,104.6429
27.350,103.4436
27.360,93.6077
27.370,90.3833
27.380,105.4577
27.390,105.2835
27.400,105.8908
27.410,99.6728
27.420,104.6495
27.430,97.8828
27.440,102.0950
27.450,105.1086
27.460,90.5194
27.470,91.2482
27.480,100.8039
27.490,106.7045
27.500,103.4928
27.510,94.0964
27.520,103.7283
27.530,99.5815
27.540,97.0505
27.550,99.8833
27.560,91.3946
27.570,91.7421
27.580,92.5228
27.590,99.7251
27.600,92.0721
27.610,93.9929
27.620,104.8872
27.630,100.4197
27.640,94.3323
27.650,103.5960
27.660,94.5867
27.670,102.0831
27.680,95.1293
27.690,103.6564
27.700,90.7843
27.710,102.2855
27.720,91.3552
27.730,95.5105
27.740,95.0341
27.750,91.9794
27.760,87.3903
27.770,89.0929
27.780,93.1014
27.790,98.2058
27.800,89.8967
27.810,98.1283
27.820,101.6874
27.830,93.4739
27.840,94.7685
27.850,97.9631
27.860,100.1765
27.870,87.4525
27.880,96.6168
27.890,83.7826
27.900,92.7933
27.910,96.2922
27.920,91.6781
27.930,86.3886
27.940,85.5481
27.950,89.4885
27.960,80.4669
27.970,81.2538
27.980,83.1434
27.990,88.6994
28.000,85.8253
28.010,89.2385
28.020,83.2535
28.030,91.6847
28.040,79.5374
28.050,92.3410
28.060,84.2170
28.070,81.9178
28.080,82.5075
28.090,87.9319
28.100,91.9199
28.110,84.2961
28.120,92.9466
28.130,78.6913
28.140,80.3576
28.150,81.9331
28.160,91.1278
28.170,88.7406
28.180,90.7114
28.190,88.7655
28.200,80.4971
28.210,83.4571
28.220,80.6786
28.230,76.8156
28.240,93.4248
28.250,90.1708
28.260,85.9318
28.270,88.2443
28.280,86.7561
28.290,89.1862
28.300,81.0991
28.310,80.4397
28.320,84.5043
28.330,87.7171
28.340,92.9570
28.350,86.5160
28.360,89.7592
28.370,89.3113
28.380,80.4374
28.390,80.4176
28.400,93.0925
28.410,95.2572
28.420,86.2356
28.430,82.6694
28.440,83.9319
28.450,90.9198
28.460,88.2219
28.470,90.7254
28.480,95.6531
28.490,95.2293
28.500,96.3258
28.510,97.1486
28.520,92.1019
28.530,97.7444
28.540,85.5211
28.550,91.5785
28.560,99.9156
28.570,95.3913
28.580,92.7036
28.590,94.0001
28.600,94.6281
28.610,92.1145
28.620,94.3781
28.630,87.9673
28.640,86.2148
28.650,94.8487
28.660,102.8500
28.670,92.3439
28.680,89.4238
28.690,98.7020
28.700,92.4812
28.710,102.0261
28.720,93.1281
28.730,100.5136
28.740,93.5169
28.750,92.7096
28.760,99.0678
28.770,97.0936
28.780,91.2190
28.790,104.4016
28.800,98.7723
28.810,96.8919
28.820,98.6899
28.830,95.1989
28.840,97.7025
28.850,96.3551
28.860,95.3917
28.870,107.4334
28.880,97.4791
28.890,102.8909
28.900,94.9256
28.910,102.9517
28.920,91.8537
28.930,104.0247
28.940,100.6620
28.950,96.3957
28.960,98.9747
28.970,104.4907
28.980,97.5009
28.990,107.2647
29.000,97.1158
29.010,102.1777
29.020,89.9912
29.030,98.5910
29.040,94.1392
29.050,101.5147
29.060,93.9117
29.070,99.5473
29.080,100.2899
29.090,97.1411
29.100,94.5676
29.110,91.2581
29.120,98.2765
29.130,91.4705
29.140,103.2043
29.150,100.3653
29.160,91.0823
29.170,91.2790
29.180,102.0993
29.190,95.4792
29.200,99.5438
29.210,99.4541
29.220,89.5641
29.230,85.3625
29.240,87.8814
29.250,88.2969
29.260,87.7652
29.270,101.1690
29.280,92.5149
29.290,86.8206
29.300,97.6996
29.310,86.8787
29.320,99.8381
29.330,94.9281
29.340,91.4258
29.350,94.4545
29.360,95.9000
29.370,90.6118
29.380,94.5893
29.390,94.6393
29.400,90.1570
29.410,95.1519
29.420,79.9807
29.430,89.4173
29.440,93.7398
29.450,89.6482
29.460,93.5278
29.470,80.4088
29.480,79.5766
29.490,92.2327
29.500,79.4962
29.510,89.5020
29.520,85.9021
29.530,83.3423
29.540,86.4052
29.550,92.8597
29.560,77.3510
29.570,88.4988
29.580,93.7974
29.590,93.1455
29.600,88.0490
29.610,90.8912
29.620,91.2619
29.630,84.0577
29.640,80.4964
29.650,92.5961
29.660,86.3849
29.670,80.6659
29.680,90.5041
29.690,82.0632
29.700,86.0145
29.710,93.8382
29.720,80.3480
29.730,94.4251
29.740,91.1485
29.750,83.3617
29.760,77.9816
29.770,94.0135
29.780,78.1058
29.790,95.1627
29.800,82.2201
29.810,80.4300
29.820,87.6706
29.830,87.5554
29.840,90.6089
29.850,87.1843
29.860,91.9230
29.870,85.8057
29.880,93.7339
29.890,94.4355
29.900,89.8101
29.910,81.2035
29.920,82.7291
29.930,94.1077
29.940,85.5592
29.950,86.0090
29.960,88.9560
29.970,89.5531
29.980,85.6297
29.990,97.2216
30.000,84.0109
30.010,85.2055
30.020,102.1918
30.030,101.3074
30.040,105.3745
30.050,96.2326
30.060,102.9321
30.070,103.4288
30.080,100.8497
30.090,110.4155
30.100,108.1057
30.110,109.6430
30.120,101.9368
30.130,112.6106
30.140,115.8654
30.150,117.0424
30.160,112.5457
30.170,113.8830
30.180,115.7258
30.190,111.0210
30.200,119.1752
30.210,129.5109
30.220,130.0464
30.230,119.7201
30.240,124.1695
30.250,129.9326
30.260,131.8334
30.270,134.1992
30.280,136.8593
30.290,130.7443
30.300,133.6871
30.310,132.4610
30.320,138.4993
30.330,138.9932
30.340,146.7679
30.350,143.0715
30.360,139.5553
30.370,146.9554
30.380,139.2299
30.390,147.7032
30.400,141.1733
30.410,140.7673
30.420,147.7267
30.430,155.2848
30.440,154.2705
30.450,150.5948
30.460,149.2076
30.470,149.5326
30.480,167.0798
30.490,167.8852
30.500,162.8570
30.510,164.9652
30.520,160.8798
30.530,157.7658
30.540,173.1846
30.550,167.7199
30.560,171.8498
30.570,171.7285
30.580,173.5376
30.590,166.7770
30.600,177.8143
30.610,173.4356
30.620,178.1103
30.630,177.4905
30.640,176.3805
30.650,186.2048
30.660,179.3438
30.670,181.8636
30.680,194.0946
30.690,190.1252
30.700,191.1447
30.710,186.6775
30.720,196.2364
30.730,197.4041
30.740,196.0626
30.750,189.5215
30.760,195.4550
30.770,205.2195
30.780,200.3078
30.790,210.2920
30.800,209.8884
30.810,204.2462
30.820,200.5639
30.830,200.9016
30.840,211.4608
30.850,207.4634
30.860,207.4165
30.870,214.6023
30.880,208.2433
30.890,210.3092
30.900,209.9934
30.910,210.5157
30.920,215.5424
30.930,222.1948
30.940,222.8297
30.950,232.5311
30.960,221.9638
30.970,223.8821
30.980,221.5716
30.990,230.6760
31.000,231.3630
31.010,225.7594
31.020,235.8964
31.030,224.3788
31.040,236.5483
31.050,232.4663
31.060,224.0784
31.070,228.7045
31.080,224.5385
31.090,237.1182
31.100,223.1394
31.110,223.7397
31.120,223.5819
31.130,230.3342
31.140,233.0726
31.150,229.8498
31.160,225.2403
31.170,223.4925
31.180,236.0047
31.190,233.3381
31.200,234.9837
31.210,235.0639
31.220,224.7259
31.230,226.4642
31.240,239.9250
31.250,234.7690
31.260,232.2265
31.270,232.6690
31.280,231.8026
31.290,237.1981
31.300,236.8634
31.310,236.9081
31.320,223.4949
31.330,237.6600
31.340,223.5315
31.350,240.3096
31.360,232.2708
31.370,238.9190
31.380,231.9792
31.390,229.7131
31.400,239.6677
31.410,237.3826
31.420,234.0921
31.430,225.1988
31.440,235.3340
31.450,224.8827
31.460,239.4141
31.470,231.0107
31.480,224.5723
31.490,237.5873
31.500,226.6185
31.510,233.7227
31.520,225.9429
31.530,223.3327
31.540,233.5192
31.550,236.0677
31.560,231.7914
31.570,228.3815
31.580,223.7921
31.590,225.9300
31.600,228.0045
31.610,230.9753
31.620,232.7699
31.630,235.7445
31.640,225.5521
31.650,225.7177
31.660,236.4410
31.670,230.9769
31.680,239.7968
31.690,233.1477
31.700,228.9931
31.710,228.3797
31.720,226.2876
31.730,227.9496
31.740,224.2356
31.750,236.3592
31.760,223.8717
31.770,232.4530
31.780,238.3187
31.790,228.3947
31.800,240.0783
31.810,231.9755
31.820,233.4868
31.830,226.5118
31.840,227.7408
31.850,226.7273
31.860,237.2571
31.870,239.9890
31.880,223.4945
31.890,230.0371
31.900,229.8481
31.910,233.2259
31.920,226.7281
31.930,237.5574
31.940,232.1928
31.950,231.6982
31.960,225.6098
31.970,230.3283
31.980,235.3452
31.990,231.5956
32.000,96.8176
32.010,91.5104
32.020,101.3953
32.030,103.9980
32.040,94.4682
32.050,103.1229
32.060,103.4313
32.070,91.9832
32.080,102.1635
32.090,91.1664
32.100,94.4389
32.110,87.8413
32.120,99.5994
32.130,100.2908
32.140,95.1971
32.150,84.5192
32.160,97.7700
32.170,85.3249
32.180,97.0765
32.190,97.7615
32.200,93.4147
32.210,99.1524
32.220,84.2359
32.230,83.4891
32.240,97.6007
32.250,84.8079
32.260,91.3289
32.270,88.4870
32.280,81.6076
32.290,96.0442
32.300,89.2704
32.310,93.4140
32.320,95.5632
32.330,80.3025
32.340,92.4269
32.350,92.1829
32.360,85.6484
32.370,83.0791
32.380,87.5444
32.390,94.4670
32.400,81.9425
32.410,78.3870
32.420,85.1001
32.430,81.5392
32.440,89.5533
32.450,79.9362
32.460,86.9367
32.470,91.0298
32.480,89.5599
32.490,90.0910
32.500,91.1204
32.510,92.0056
32.520,82.3114
32.530,90.9950
32.540,79.1028
32.550,79.3703
32.560,88.3314
32.570,93.7958
32.580,90.8925
32.590,83.1001
32.600,82.3301
32.610,84.8359
32.620,93.5907
32.630,80.2032
32.640,95.3162
32.650,79.9272
32.660,84.4721
32.670,85.3741
32.680,85.8971
32.690,87.7777
32.700,85.3747
32.710,89.9415
32.720,85.7298
32.730,83.3716
32.740,94.1356
32.750,83.7609
32.760,91.1753
32.770,91.2767
32.780,94.9135
32.790,82.9567
32.800,88.8349
32.810,87.2484
32.820,88.8641
32.830,87.0921
32.840,92.7445
32.850,86.4250
32.860,90.9830
32.870,89.1481
32.880,98.7920
32.890,95.9334
32.900,94.1973
32.910,94.8430
32.920,94.4787
32.930,93.3777
32.940,101.2507
32.950,97.2204
32.960,93.5045
32.970,97.2829
32.980,98.2221
32.990,104.1341
33.000,91.3634
33.010,96.6131
33.020,102.6471
33.030,105.7628
33.040,101.6193
33.050,93.9373
33.060,93.3700
33.070,101.3188
33.080,94.3330
33.090,98.7516
33.100,106.9044
33.110,101.3565
33.120,92.2287
33.130,100.8078
33.140,106.5037
33.150,105.4183
33.160,106.1817
33.170,104.1413
33.180,98.3359
33.190,104.6908
33.200,96.7401
33.210,99.5047
33.220,103.7563
33.230,94.5261
33.240,106.4633
33.250,100.5259
33.260,107.3747
33.270,101.2220
33.280,105.8707
33.290,96.6898
33.300,97.4332
33.310,91.9380
33.320,91.3197
33.330,106.9590
33.340,100.1399
33.350,100.2990
33.360,106.5927
33.370,98.0789
33.380,98.0319
33.390,94.7804
33.400,101.5129
33.410,92.5064
33.420,105.8408
33.430,100.0272
33.440,91.4835
33.450,95.1719
33.460,96.3891
33.470,103.6491
33.480,88.8205
33.490,99.1337
33.500,100.0470
33.510,96.3666
33.520,101.5003
33.530,89.7477
33.540,95.5567
33.550,90.4535
33.560,91.8923
33.570,91.5167
33.580,87.3679
33.590,94.0099
33.600,90.0822
33.610,100.0962
33.620,84.0419
33.630,96.2339
33.640,90.2107
33.650,97.0467
33.660,96.0534
33.670,96.4279
33.680,86.5112
33.690,85.1650
33.700,83.6196
33.710,88.6648
33.720,81.6054
33.730,88.1926
33.740,94.3749
33.750,91.6553
33.760,83.2787
33.770,83.6546
33.780,84.9179
33.790,89.0902
33.800,90.5626
33.810,83.8760
33.820,82.8937
33.830,82.2740
33.840,81.7709
33.850,94.1578
33.860,78.9399
33.870,79.0842
33.880,87.6273
33.890,94.4862
33.900,78.9399
33.910,94.5134
33.920,93.0017
33.930,94.2768
33.940,78.8340
33.950,83.2991
33.960,82.4390
33.970,88.4577
33.980,87.3740
33.990,90.7179
34.000,82.6752
34.010,80.0993
34.020,85.2674
34.030,94.2519
34.040,94.9004
34.050,83.5910
34.060,89.6046
34.070,89.1573
34.080,90.9162
34.090,92.5883
34.100,83.0214
34.110,81.7937
34.120,85.5709
34.130,90.0372
34.140,86.7139
34.150,97.3045
34.160,92.0732
34.170,83.9902
34.180,92.7953
34.190,83.4436
34.200,89.3247
34.210,88.8700
34.220,99.1530
34.230,95.0200
34.240,84.7364
34.250,93.5031
34.260,95.4223
34.270,96.1365
34.280,85.7267
34.290,95.3853
34.300,95.3280
34.310,102.3354
34.320,92.0268
34.330,101.7545
34.340,101.0832
34.350,90.1869
34.360,98.3307
34.370,88.0856
34.380,95.3000
34.390,102.6332
34.400,97.2543
34.410,92.0573
34.420,95.3680
34.430,89.0868
34.440,93.5179
34.450,89.4062
34.460,106.5615
34.470,104.5052
34.480,106.9175
34.490,95.3518
34.500,99.7243
34.510,94.1582
34.520,95.5107
34.530,107.7902
34.540,96.0998
34.550,102.0121
34.560,100.4835
34.570,102.2399
34.580,108.3369
34.590,107.7322
34.600,107.7146
34.610,105.1159
34.620,98.6464
34.630,103.3915
34.640,91.9944
34.650,108.3008
34.660,103.7374
34.670,94.6107
34.680,96.2138
34.690,98.2775
34.700,98.1937
34.710,104.8159
34.720,108.0195
34.730,93.7679
34.740,99.7424
34.750,101.8712
34.760,94.0652
34.770,93.5683
34.780,96.1224
34.790,90.4652
34.800,90.7934
34.810,104.0297
34.820,100.9239
34.830,90.7425
34.840,103.6046
34.850,97.9436
34.860,105.0824
34.870,105.1058
34.880,99.8891
34.890,95.5183
34.900,103.8288
34.910,94.1023
34.920,99.5475
34.930,100.1776
34.940,100.7638
34.950,99.6804
34.960,102.9534
34.970,99.5879
34.980,91.0881
34.990,101.2216
35.000,87.8610
35.010,92.3108
35.020,96.4675
35.030,87.7960
35.040,84.7215
35.050,87.0663
35.060,92.4273
35.070,94.2929
35.080,86.9280
35.090,90.7874
35.100,86.5580
35.110,86.0186
35.120,83.3515
35.130,97.2220
35.140,83.5449
35.150,94.2411
35.160,92.0168
35.170,95.8390
35.180,91.9777
35.190,91.0572
35.200,90.5101
35.210,90.1456
35.220,91.8132
35.230,95.9803
35.240,89.5906
35.250,91.7671
35.260,87.1645
35.270,89.6608
35.280,95.4432
35.290,82.4437
35.300,82.2784
35.310,83.8592
35.320,83.1654
35.330,90.1372
35.340,89.8863
35.350,78.8099
35.360,80.8060
35.370,83.7869
35.380,88.9629
35.390,80.5478
35.400,84.9968
35.410,89.7336
35.420,80.8327
35.430,82.9406
35.440,93.8949
35.450,83.7191
35.460,95.1886
35.470,95.9042
35.480,86.8850
35.490,88.4727
35.500,95.8447
35.510,84.2248
35.520,93.9600
35.530,94.0744
35.540,84.5945
35.550,80.6459
35.560,83.6734
35.570,91.6923
35.580,83.6652
35.590,86.7417
35.600,83.2633
35.610,88.3865
35.620,87.1776
35.630,91.5711
35.640,86.4829
35.650,86.3682
35.660,98.0121
35.670,90.4846
35.680,84.3929
35.690,99.8303
35.700,97.0196
35.710,85.9844
35.720,94.0856
35.730,99.4328
35.740,91.8019
35.750,86.7912
35.760,98.3657
35.770,89.0146
35.780,98.1289
35.790,90.4079
35.800,99.3240
35.810,93.9248
35.820,92.6389
35.830,105.1018
35.840,92.1013
35.850,103.0032
35.860,100.3202
35.870,99.7370
35.880,102.0613
35.890,95.6192
35.900,102.1027
35.910,107.3681
35.920,94.6594
35.930,93.8273
35.940,98.2186
35.950,104.9358
35.960,104.1423
35.970,107.1875
35.980,105.5788
35.990,99.6528
36.000,94.2180
36.010,97.4230
36.020,106.2317
36.030,102.1573
36.040,108.2741
36.050,104.2991
36.060,94.7071
36.070,105.3956
36.080,92.0608
36.090,97.4455
36.100,94.5503
36.110,104.2698
36.120,98.7540
36.130,105.8879
36.140,92.7414
36.150,105.8512
36.160,93.8421
36.170,93.5013
36.180,98.5901
36.190,96.9846
36.200,93.0417
36.210,106.7718
36.220,102.7013
36.230,105.8676
36.240,97.6345
36.250,98.3381
36.260,99.0927
36.270,100.3180
36.280,90.2321
36.290,102.4969
36.300,89.2441
36.310,95.8048
36.320,90.8923
36.330,100.5712
36.340,96.0769
36.350,96.6649
36.360,102.2965
36.370,99.4838
36.380,88.6200
36.390,93.9758
36.400,93.4136
36.410,90.6308
36.420,97.5750
36.430,92.4746
36.440,92.5908
36.450,88.4648
36.460,99.3824
36.470,97.8723
36.480,96.8208
36.490,99.8263
36.500,83.3640
36.510,96.8750
36.520,83.3765
36.530,85.7684
36.540,92.7542
36.550,90.6476
36.560,98.4818
36.570,90.2165
36.580,89.0277
36.590,87.8507
36.600,93.5332
36.610,81.5353
36.620,91.5641
36.630,94.4824
36.640,84.3924
36.650,94.0038
36.660,89.2667
36.670,88.2769
36.680,88.4109
36.690,79.2181
36.700,81.3024
36.710,90.3418
36.720,83.0415
36.730,78.7032
36.740,88.8467
36.750,94.9477
36.760,92.0285
36.770,88.6616
36.780,88.2295
36.790,87.1146
36.800,81.8242
36.810,95.4062
36.820,82.3657
36.830,94.3928
36.840,82.1655
36.850,83.4617
36.860,91.5672
36.870,78.9109
36.880,80.6397
36.890,86.2318
36.900,85.1918
36.910,81.6418
36.920,80.6505
36.930,94.4650
36.940,84.2473
36.950,95.9098
36.960,95.3179
36.970,94.9877
36.980,86.0909
36.990,94.0193
37.000,83.9462
37.010,98.0739
37.020,81.6086
37.030,92.7677
37.040,98.7057
37.050,96.6637
37.060,84.5429
37.070,96.4851
37.080,98.5724
37.090,99.8118
37.100,91.1247
37.110,98.4525
37.120,96.3561
37.130,96.4605
37.140,102.2978
37.150,89.4912
37.160,95.3074
37.170,101.2844
37.180,98.0952
37.190,97.1812
37.200,101.4826
37.210,101.3330
37.220,103.8230
37.230,101.0053
37.240,104.2544
37.250,96.9119
37.260,105.4003
37.270,96.6339
37.280,97.6321
37.290,99.7989
37.300,97.8594
37.310,106.4317
37.320,96.1381
37.330,104.4773
37.340,99.4987
37.350,102.8337
37.360,96.0461
37.370,99.4073
37.380,104.4095
37.390,91.5132
37.400,98.4013
37.410,105.1024
37.420,104.6640
37.430,95.0060
37.440,103.3932
37.450,92.4581
37.460,93.0693
37.470,106.1959
37.480,107.7611
37.490,109.1428
37.500,98.3799
37.510,107.3983
37.520,97.9999
37.530,93.6240
37.540,97.0344
37.550,103.1093
37.560,104.1624
37.570,106.8988
37.580,99.2070
37.590,91.7741
37.600,100.2044
37.610,101.9139
37.620,96.7805
37.630,95.1999
37.640,101.3486
37.650,104.8294
37.660,95.8570
37.670,105.3379
37.680,105.3488
37.690,102.6790
37.700,100.6369
37.710,94.0879
37.720,105.0478
37.730,89.9014
37.740,100.9851
37.750,104.1785
37.760,98.6040
37.770,89.3409
37.780,87.7161
37.790,94.2116
37.800,100.5341
37.810,91.2815
37.820,88.0839
37.830,101.6072
37.840,91.7745
37.850,94.0622
37.860,101.5869
37.870,101.2179
37.880,90.9684
37.890,97.2835
37.900,93.5400
37.910,100.6557
37.920,97.2411
37.930,84.7482
37.940,86.3872
37.950,83.3174
37.960,95.3474
37.970,93.2557
37.980,88.1794
37.990,96.4116
38.000,89.5103
38.010,81.1059
38.020,85.5300
38.030,97.5050
38.040,95.4734
38.050,93.7026
38.060,80.4786
38.070,91.9351
38.080,80.7249
38.090,94.8685
38.100,93.4142
38.110,95.4061
38.120,87.7312
38.130,90.1282
38.140,91.8364
38.150,83.5152
38.160,92.3357
38.170,86.4306
38.180,92.2333
38.190,80.5948
38.200,79.6530
38.210,93.3487
38.220,85.9575
38.230,94.5740
38.240,78.5332
38.250,84.3508
38.260,81.2565
38.270,83.7710
38.280,91.1876
38.290,92.2118
38.300,85.4017
38.310,88.0887
38.320,84.5174
38.330,81.9955
38.340,82.3321
38.350,94.8193
38.360,92.2877
38.370,81.7772
38.380,85.4553
38.390,90.4409
38.400,89.8024
38.410,81.7111
38.420,82.9164
38.430,91.2719
38.440,90.4297
38.450,83.5238
38.460,94.7187
38.470,85.2616
38.480,99.4986
38.490,86.6764
38.500,92.0163
38.510,88.1233
38.520,97.7791
38.530,93.9006
38.540,96.2085
38.550,101.0014
38.560,99.7031
38.570,96.8230
38.580,85.8973
38.590,91.3468
38.600,98.6106
38.610,86.9463
38.620,96.2199
38.630,87.2574
38.640,93.9285
38.650,100.3773
38.660,100.7478
38.670,88.5520
38.680,105.3075
38.690,105.1539
38.700,95.8843
38.710,101.0253
38.720,98.0049
38.730,91.9782
38.740,103.0102
38.750,94.1405
38.760,100.0443
38.770,107.1590
38.780,96.8672
38.790,92.7803
38.800,107.5897
38.810,103.7054
38.820,106.7196
38.830,98.7981
38.840,100.2500
38.850,104.2683
38.860,93.9103
38.870,99.2563
38.880,102.7056
38.890,106.4868
38.900,106.7981
38.910,94.6796
38.920,104.2693
38.930,96.6104
38.940,102.1542
38.950,101.6647
38.960,104.3124
38.970,106.0823
38.980,104.8906
38.990,106.5208
39.000,95.2894
39.010,98.8519
39.020,109.0097
39.030,98.0195
39.040,98.6047
39.050,95.0310
39.060,99.2103
39.070,93.8599
39.080,101.2326
39.090,98.4568
39.100,105.7304
39.110,100.0017
39.120,90.4950
39.130,92.6621
39.140,102.2144
39.150,100.0225
39.160,91.2913
39.170,93.3860
39.180,94.0519
39.190,89.1501
39.200,93.0174
39.210,104.2542
39.220,99.9702
39.230,94.8152
39.240,99.9811
39.250,97.8415
39.260,102.5475
39.270,99.9873
39.280,94.4246
39.290,89.2393
39.300,88.5528
39.310,102.0505
39.320,100.3331
39.330,97.6088
39.340,85.2953
39.350,92.2491
39.360,99.3120
39.370,95.4177
39.380,84.1354
39.390,87.0243
39.400,91.1299
39.410,92.7981
39.420,83.8568
39.430,98.5637
39.440,91.0372
39.450,96.8709
39.460,92.8532
39.470,83.6833
39.480,80.6869
39.490,89.4207
39.500,95.5293
39.510,92.3729
39.520,79.7616
39.530,80.2531
39.540,80.8488
39.550,91.0822
39.560,87.5572
39.570,88.2161
39.580,80.9083
39.590,94.7046
39.600,89.0760
39.610,83.8754
39.620,80.7461
39.630,82.8534
39.640,88.3170
39.650,86.0256
39.660,81.8031
39.670,87.8758
39.680,94.3285
39.690,89.8490
39.700,93.1257
39.710,81.4336
39.720,91.4270
39.730,91.8525
39.740,94.1432
39.750,92.8341
39.760,92.7327
39.770,82.7532
39.780,81.7852
39.790,82.1142
39.800,87.3132
39.810,86.3078
39.820,94.9403
39.830,94.7768
39.840,86.1997
39.850,88.1407
39.860,90.7227
39.870,88.3279
39.880,88.0830
39.890,90.6701
39.900,87.4070
39.910,85.9733
39.920,89.7822
39.930,89.4346
39.940,94.4188
39.950,84.4127
39.960,95.0087
39.970,89.4418
39.980,99.7623
39.990,93.5610
40.000,90.0199
40.010,96.7321
40.020,91.1679
40.030,94.9695
40.040,99.7329
40.050,91.1423
40.060,92.5234
40.070,104.7181
40.080,101.4590
40.090,101.8328
40.100,97.2526
40.110,89.9605
40.120,104.5407
40.130,103.9758
40.140,105.2370
40.150,102.3093
40.160,96.3331
40.170,90.8395
40.180,98.2958
40.190,100.0607
40.200,92.4348
40.210,93.1218
40.220,94.7701
40.230,106.9122
40.240,107.4089
40.250,95.1935
40.260,106.5238
40.270,92.9493
40.280,99.5924
40.290,102.2271
40.300,93.0614
40.310,108.1052
40.320,103.3302
40.330,104.5913
40.340,103.9460
40.350,93.6505
40.360,102.0435
40.370,95.9382
40.380,100.9625
40.390,105.3531
40.400,100.5190
40.410,105.7728
40.420,105.8558
40.430,94.0064
40.440,101.0957
40.450,99.8133
40.460,92.8152
40.470,93.6965
40.480,105.8865
40.490,105.9550
40.500,97.9710
40.510,93.2283
40.520,103.3487
40.530,103.7968
40.540,102.1658
40.550,102.3583
40.560,97.5450
40.570,96.5836
40.580,104.5096
40.590,103.2645
40.600,93.3938
40.610,89.8482
40.620,102.2069
40.630,95.8771
40.640,104.2584
40.650,104.4569
40.660,95.8218
40.670,93.8195
40.680,98.8727
40.690,90.9148
40.700,93.5761
40.710,96.8078
40.720,92.6285
40.730,86.0932
40.740,85.3518
40.750,97.4304
40.760,92.8741
40.770,95.5167
40.780,95.3517
40.790,92.0076
40.800,99.2530
40.810,83.8481
40.820,97.9118
40.830,90.4911
40.840,92.0175
40.850,95.1117
40.860,96.4372
40.870,87.8800
40.880,83.2723
40.890,81.6367
40.900,81.7242
40.910,91.0261
40.920,89.5701
40.930,83.0632
40.940,87.6470
40.950,87.9970
40.960,82.7869
40.970,96.0468
40.980,88.6729
40.990,83.5224
41.000,79.5948
41.010,80.4320
41.020,83.4666
41.030,80.0651
41.040,86.1764
41.050,94.5508
41.060,92.9492
41.070,92.9086
41.080,92.2799
41.090,93.2469
41.100,91.7665
41.110,87.7182
41.120,92.4569
41.130,91.1438
41.140,79.4953
41.150,83.8769
41.160,79.7008
41.170,89.8088
41.180,81.1860
41.190,84.0960
41.200,82.2569
41.210,96.4865
41.220,85.4150
41.230,93.7928
41.240,91.6579
41.250,81.7643
41.260,97.7180
41.270,87.3611
41.280,90.3884
41.290,98.1174
41.300,98.7563
41.310,85.0939
41.320,83.6222
41.330,88.0310
41.340,90.4553
41.350,94.4332
41.360,93.8519
41.370,96.9541
41.380,85.1851
41.390,91.8633
41.400,94.4122
41.410,87.8257
41.420,89.6000
41.430,101.7200
41.440,100.6529
41.450,98.6155
41.460,91.6447
41.470,90.5811
41.480,97.9094
41.490,103.9159
41.500,98.4071
41.510,96.3965
41.520,90.3792
41.530,91.1934
41.540,99.3284
41.550,105.9889
41.560,96.3379
41.570,101.2659
41.580,98.0178
41.590,102.2726
41.600,102.4738
41.610,107.3296
41.620,94.6982
41.630,96.1975
41.640,100.0652
41.650,100.2614
41.660,103.4148
41.670,106.5337
41.680,95.3276
41.690,96.5417
41.700,104.3064
41.710,96.2393
41.720,100.8421
41.730,105.9633
41.740,92.8863
41.750,107.3557
41.760,102.2548
41.770,102.7136
41.780,105.5079
41.790,96.0539
41.800,95.8917
41.810,93.7732
41.820,104.9503
41.830,105.7499
41.840,93.6748
41.850,109.3465
41.860,95.3470
41.870,109.1271
41.880,99.2638
41.890,100.0534
41.900,107.8013
41.910,101.1481
41.920,99.2630
41.930,103.2143
41.940,108.2980
41.950,99.1614
41.960,94.0014
41.970,107.8699
41.980,93.3033
41.990,100.3314
42.000,100.7868
42.010,91.0521
42.020,106.5409
42.030,105.0834
42.040,103.8568
42.050,103.0065
42.060,93.6724
42.070,100.8592
42.080,90.7923
42.090,103.1667
42.100,104.7253
42.110,91.7309
42.120,89.7858
42.130,93.3087
42.140,90.0335
42.150,102.0445
42.160,101.3503
42.170,97.7352
42.180,101.5546
42.190,98.2856
42.200,101.2126
42.210,85.6162
42.220,97.1249
42.230,92.3457
42.240,85.1793
42.250,89.5845
42.260,99.3123
42.270,95.9008
42.280,89.2588
42.290,82.2491
42.300,91.2337
42.310,83.2433
42.320,90.4975
42.330,90.0913
42.340,97.0797
42.350,92.2049
42.360,89.9407
42.370,94.8849
42.380,96.0875
42.390,83.8699
42.400,94.2198
42.410,88.7924
42.420,93.6975
42.430,87.4641
42.440,92.0869
42.450,82.1789
42.460,82.3781
42.470,94.7380
42.480,95.8977
42.490,84.9625
42.500,79.7083
42.510,87.8895
42.520,96.1268
42.530,85.4991
42.540,94.3276
42.550,84.5141
42.560,92.7665
42.570,84.6002
42.580,83.1893
42.590,86.8713
42.600,83.5312
42.610,86.8783
42.620,80.3793
42.630,87.3842
42.640,96.7370
42.650,96.3468
42.660,83.6448
42.670,90.6776
42.680,94.9906
42.690,85.6547
42.700,93.3695
42.710,93.7654
42.720,92.3536
42.730,84.0043
42.740,84.1419
42.750,86.1809
42.760,97.0021
42.770,93.9166
42.780,94.0418
42.790,94.0446
42.800,96.7018
42.810,89.5423
42.820,90.5177
42.830,85.5513
42.840,101.8357
42.850,94.9354
42.860,99.5358
42.870,92.4712
42.880,99.2239
42.890,96.7135
42.900,101.7752
42.910,104.0090
42.920,99.0258
42.930,101.4174
42.940,95.0757
42.950,90.1609
42.960,99.3274
42.970,105.3867
42.980,103.5927
42.990,94.0531
43.000,93.8029
43.010,107.6302
43.020,103.5700
43.030,98.0947
43.040,108.1125
43.050,94.1053
43.060,97.8190
43.070,96.6413
43.080,102.3057
43.090,95.2838
43.100,101.6223
43.110,108.6209
43.120,101.2906
43.130,104.0617
43.140,101.5766
43.150,94.6621
43.160,109.4143
43.170,107.9902
43.180,103.9321
43.190,95.6354
43.200,103.8870
43.210,94.0509
43.220,110.4795
43.230,96.8554
43.240,99.9652
43.250,105.8929
43.260,97.3336
43.270,106.4152
43.280,104.5459
43.290,109.7445
43.300,109.3780
43.310,103.6296
43.320,109.0613
43.330,105.1358
43.340,105.1052
43.350,97.7914
43.360,94.9516
43.370,100.7115
43.380,93.3543
43.390,102.7310
43.400,97.6248
43.410,92.1171
43.420,91.1211
43.430,96.5448
43.440,92.2732
43.450,97.4684
43.460,98.6889
43.470,89.9420
43.480,94.3278
43.490,97.4148
43.500,103.2267
43.510,89.3003
43.520,99.7495
43.530,91.1116
43.540,92.8218
43.550,94.6825
43.560,99.3636
43.570,97.0424
43.580,89.7543
43.590,98.3419
43.600,101.9405
43.610,97.6616
43.620,85.7057
43.630,91.7115
43.640,97.4012
43.650,87.3775
43.660,99.1967
43.670,91.9742
43.680,91.5157
43.690,97.3067
43.700,85.1461
43.710,89.1138
43.720,98.5532
43.730,94.8536
43.740,93.5745
43.750,84.7400
43.760,95.2914
43.770,88.9555
43.780,89.4898
43.790,97.1158
43.800,82.6091
43.810,87.5477
43.820,92.7984
43.830,89.9469
43.840,93.0795
43.850,81.1343
43.860,85.2622
43.870,80.0845
43.880,94.0538
43.890,88.8119
43.900,83.0469
43.910,88.7406
43.920,83.4591
43.930,95.7071
43.940,80.2101
43.950,89.5403
43.960,92.8601
43.970,89.1786
43.980,92.6573
43.990,97.0332
44.000,94.6630
44.010,85.1875
44.020,92.1169
44.030,93.5330
44.040,86.6593
44.050,91.9610
44.060,93.5130
44.070,82.3175
44.080,89.8518
44.090,92.5562
44.100,93.8358
44.110,98.8285
44.120,82.9791
44.130,83.0529
44.140,90.6640
44.150,91.6654
44.160,99.0084
44.170,96.3892
44.180,94.5126
44.190,92.4565
44.200,91.3933
44.210,89.3618
44.220,94.7491
44.230,88.4755
44.240,96.4228
44.250,86.3298
44.260,94.8121
44.270,93.8951
44.280,86.6978
44.290,101.9243
44.300,88.6874
44.310,94.1329
44.320,104.0249
44.330,93.2167
44.340,95.7846
44.350,98.4397
44.360,94.7348
44.370,93.9653
44.380,94.9867
44.390,93.8487
44.400,97.7433
44.410,105.2486
44.420,93.2615
44.430,107.1715
44.440,107.7938
44.450,91.8143
44.460,98.1603
44.470,92.5994
44.480,101.5462
44.490,96.9343
44.500,100.0828
44.510,92.4839
44.520,97.4149
44.530,94.8031
44.540,106.7168
44.550,104.4884
44.560,98.3704
44.570,106.6803
44.580,98.6759
44.590,103.9653
44.600,99.3681
44.610,94.5523
44.620,107.8931
44.630,107.3486
44.640,107.1256
44.650,94.5754
44.660,97.8582
44.670,110.4064
44.680,105.5868
44.690,103.5010
44.700,106.7709
44.710,99.8275
44.720,103.6752
44.730,94.3225
44.740,96.8363
44.750,93.6841
44.760,97.2751
44.770,104.9208
44.780,104.2372
44.790,108.6865
44.800,97.7357
44.810,105.7816
44.820,91.6750
44.830,105.9329
44.840,101.8495
44.850,92.0354
44.860,92.6200
44.870,105.4819
44.880,107.4623
44.890,96.2322
44.900,104.5501
44.910,91.7399
44.920,97.6554
44.930,97.7055
44.940,103.5303
44.950,105.4510
44.960,94.6164
44.970,94.3255
44.980,92.0798
44.990,90.9151
45.000,94.0439
45.010,88.9452
45.020,99.8116
45.030,94.5009
45.040,106.4690
45.050,110.5260
45.060,99.1121
45.070,103.0977
45.080,110.9667
45.090,110.2318
45.100,115.7838
45.110,111.6423
45.120,119.6110
45.130,122.5363
45.140,117.6354
45.150,115.0762
45.160,113.6346
45.170,122.5985
45.180,126.9281
45.190,124.2604
45.200,117.2936
45.210,120.3705
45.220,130.0375
45.230,123.5240
45.240,123.5788
45.250,136.6634
45.260,124.2486
45.270,141.8777
45.280,127.4811
45.290,136.6112
45.300,133.0713
45.310,141.9461
45.320,148.9981
45.330,138.2878
45.340,150.4274
45.350,141.6441
45.360,144.4564
45.370,143.2117
45.380,153.8908
45.390,157.3181
45.400,149.2988
45.410,161.8214
45.420,152.3591
45.430,152.2345
45.440,156.1433
45.450,163.4174
45.460,154.5553
45.470,162.8106
45.480,163.3196
45.490,157.3436
45.500,158.7439
45.510,162.4352
45.520,165.0955
45.530,174.2440
45.540,170.8970
45.550,180.2243
45.560,171.9379
45.570,182.4521
45.580,183.6818
45.590,176.8428
45.600,177.8725
45.610,180.3529
45.620,181.9553
45.630,187.4385
45.640,195.0501
45.650,195.2371
45.660,196.1703
45.670,197.3276
45.680,191.0715
45.690,196.8009
45.700,195.2286
45.710,203.7903
45.720,206.3163
45.730,202.7962
45.740,207.2109
45.750,205.2540
45.760,196.5995
45.770,211.0798
45.780,203.2459
45.790,215.5523
45.800,216.8957
45.810,209.5467
45.820,208.6936
45.830,214.8202
45.840,218.6407
45.850,224.7008
45.860,224.5977
45.870,225.1779
45.880,214.6809
45.890,223.5996
45.900,223.9867
45.910,228.2110
45.920,222.8527
45.930,225.6104
45.940,229.8322
45.950,232.0431
45.960,240.8837
45.970,226.9987
45.980,240.5817
45.990,244.0941
46.000,232.3757
46.010,246.6088
46.020,235.3888
46.030,236.4698
46.040,233.0024
46.050,244.7980
46.060,243.2629
46.070,233.5332
46.080,233.7035
46.090,244.2180
46.100,240.1046
46.110,243.2157
46.120,232.0986
46.130,243.2146
46.140,242.6375
46.150,237.9794
46.160,237.2449
46.170,246.6621
46.180,237.8341
46.190,231.1179
46.200,235.0024
46.210,244.1445
46.220,241.7593
46.230,236.5784
46.240,245.4762
46.250,240.0603
46.260,246.4296
46.270,240.8569
46.280,242.0318
46.290,239.0699
46.300,232.0832
46.310,244.3150
46.320,236.4529
46.330,234.7122
46.340,242.0355
46.350,236.1166
46.360,234.2792
46.370,233.1951
46.380,244.3567
46.390,246.9050
46.400,238.4983
46.410,242.8474
46.420,232.1871
46.430,242.7653
46.440,232.8549
46.450,231.4649
46.460,235.4363
46.470,240.5786
46.480,242.3387
46.490,236.7497
46.500,232.1164
46.510,233.3638
46.520,242.1593
46.530,236.5396
46.540,235.9199
46.550,233.1268
46.560,243.4209
46.570,240.4997
46.580,236.3412
46.590,247.7050
46.600,234.0409
46.610,239.3608
46.620,233.5340
46.630,243.1068
46.640,245.3021
46.650,241.7399
46.660,237.4777
46.670,236.8187
46.680,232.7174
46.690,240.5355
46.700,246.6858
46.710,245.1119
46.720,239.8811
46.730,247.2689
46.740,242.8727
46.750,237.6926
46.760,233.9912
46.770,231.0203
46.780,238.7419
46.790,239.3790
46.800,244.9665
46.810,236.2322
46.820,230.8958
46.830,236.3220
46.840,242.8327
46.850,238.5260
46.860,236.6844
46.870,242.6003
46.880,240.4587
46.890,245.9648
46.900,245.1349
46.910,245.3873
46.920,240.0770
46.930,243.7106
46.940,236.3012
46.950,238.4001
46.960,238.7320
46.970,242.4932
46.980,246.2353
46.990,232.0860
47.000,94.0661
47.010,100.1743
47.020,92.7454
47.030,95.5674
47.040,91.9863
47.050,101.4415
47.060,91.4102
47.070,89.1045
47.080,101.4522
47.090,92.4355
47.100,91.4710
47.110,89.6396
47.120,87.7041
47.130,103.0997
47.140,97.3788
47.150,94.0314
47.160,97.4245
47.170,101.2628
47.180,91.1896
47.190,103.9157
47.200,100.9517
47.210,94.8629
47.220,105.7317
47.230,102.0139
47.240,95.0166
47.250,97.4497
47.260,98.2567
47.270,97.5214
47.280,101.0060
47.290,105.9097
47.300,106.9270
47.310,94.8697
47.320,96.8640
47.330,104.7500
47.340,98.7908
47.350,100.0067
47.360,104.0833
47.370,103.0241
47.380,93.9969
47.390,98.5412
47.400,98.5516
47.410,103.4083
47.420,102.8511
47.430,94.1852
47.440,100.9330
47.450,97.3991
47.460,96.1258
47.470,104.2844
47.480,103.9539
47.490,99.6874
47.500,100.8667
47.510,106.7458
47.520,108.4870
47.530,99.2578
47.540,99.4352
47.550,99.7754
47.560,110.0395
47.570,105.1895
47.580,108.3588
47.590,98.3933
47.600,95.8809
47.610,94.4117
47.620,97.2562
47.630,95.8934
47.640,109.4669
47.650,105.9577
47.660,95.9595
47.670,96.3501
47.680,98.8749
47.690,102.9631
47.700,99.2550
47.710,104.2301
47.720,100.8139
47.730,102.7287
47.740,95.7690
47.750,91.4449
47.760,101.5284
47.770,96.0049
47.780,94.5231
47.790,101.9099
47.800,95.8737
47.810,105.8930
47.820,94.9086
47.830,93.4921
47.840,100.0680
47.850,94.7883
47.860,96.5472
47.870,96.9530
47.880,92.2617
47.890,99.4217
47.900,100.5810
47.910,94.3108
47.920,89.2756
47.930,91.0710
47.940,98.4749
47.950,91.2766
47.960,88.8676
47.970,96.8624
47.980,95.1336
47.990,90.1135
48.000,97.6425
48.010,92.0051
48.020,98.7944
48.030,97.8322
48.040,97.6788
48.050,93.6935
48.060,83.2015
48.070,98.7608
48.080,91.4150
48.090,85.0427
48.100,96.0229
48.110,97.3005
48.120,95.3038
48.130,87.6115
48.140,82.3057
48.150,97.6284
48.160,82.8194
48.170,87.6052
48.180,83.3276
48.190,95.0633
48.200,88.4678
48.210,97.6366
48.220,95.2815
48.230,91.6266
48.240,92.5400
48.250,94.5999
48.260,95.3795
48.270,87.0502
48.280,81.2178
48.290,91.2562
48.300,91.5329
48.310,96.6601
48.320,85.4109
48.330,95.3300
48.340,83.1797
48.350,82.1872
48.360,91.1135
48.370,92.5659
48.380,86.0132
48.390,89.1109
48.400,99.6123
48.410,93.0872
48.420,91.3454
48.430,90.2686
48.440,94.3019
48.450,93.6972
48.460,87.0238
48.470,87.3036
48.480,91.7344
48.490,96.2642
48.500,100.0530
48.510,100.5767
48.520,102.7088
48.530,101.5052
48.540,96.1592
48.550,87.3595
48.560,97.8918
48.570,92.8704
48.580,90.6775
48.590,91.9693
48.600,104.5056
48.610,102.5849
48.620,104.3956
48.630,99.8177
48.640,97.5665
48.650,99.4693
48.660,95.4038
48.670,91.4961
48.680,96.1389
48.690,91.4838
48.700,95.0140
48.710,105.1766
48.720,106.9048
48.730,98.7494
48.740,98.8888
48.750,105.6009
48.760,98.4679
48.770,106.6763
48.780,105.0297
48.790,99.5136
48.800,101.6098
48.810,105.6685
48.820,110.2965
48.830,94.1661
48.840,98.6105
48.850,100.0238
48.860,100.2512
48.870,110.2667
48.880,108.9145
48.890,108.9032
48.900,110.0203
48.910,96.5594
48.920,104.1242
48.930,102.6517
48.940,111.2195
48.950,97.1538
48.960,111.1226
48.970,109.4724
48.980,99.7912
48.990,97.3067
49.000,97.4282
49.010,97.7727
49.020,110.4591
49.030,96.1865
49.040,108.7597
49.050,96.1122
49.060,98.7930
49.070,106.1738
49.080,92.9892
49.090,93.8725
49.100,96.1352
49.110,92.6525
49.120,97.7933
49.130,106.8037
49.140,96.2282
49.150,105.5016
49.160,98.2175
49.170,93.8723
49.180,100.5384
49.190,103.2632
49.200,100.3155
49.210,95.0187
49.220,103.4079
49.230,106.5113
49.240,94.0511
49.250,94.2839
49.260,90.4517
49.270,99.8548
49.280,90.8404
49.290,97.8298
49.300,99.7290
49.310,90.7582
49.320,95.1528
49.330,100.0894
49.340,93.2105
49.350,86.8969
49.360,87.8401
49.370,91.4419
49.380,85.9455
49.390,85.7142
49.400,86.6140
49.410,101.2691
49.420,93.5441
49.430,91.6154
49.440,88.6890
49.450,83.4168
49.460,98.0831
49.470,93.6988
49.480,93.0107
49.490,88.1887
49.500,82.2229
49.510,98.1793
49.520,82.8322
49.530,92.0242
49.540,91.3124
49.550,82.0119
49.560,91.7044
49.570,89.0840
49.580,90.3847
49.590,83.5598
49.600,95.1754
49.610,96.6735
49.620,95.1045
49.630,85.5094
49.640,93.1444
49.650,87.7108
49.660,85.9080
49.670,87.0689
49.680,85.6058
49.690,94.4201
49.700,86.3889
49.710,88.1688
49.720,94.4960
49.730,93.4834
49.740,93.8279
49.750,83.3442
49.760,95.8588
49.770,96.4542
49.780,98.1606
49.790,90.9753
49.800,99.3164
49.810,87.3235
49.820,98.2244
49.830,95.8012
49.840,86.6326
49.850,83.9243
49.860,96.4702
49.870,99.2992
49.880,88.8198
49.890,93.0732
49.900,91.0582
49.910,98.3529
49.920,93.9808
49.930,99.6925
49.940,98.6353
49.950,98.6655
49.960,98.1413
49.970,92.7943
49.980,104.2799
49.990,91.8440
50.000,104.4243
50.010,100.3101
50.020,105.3549
50.030,104.2506
50.040,103.8636
50.050,92.6460
50.060,96.4936
50.070,103.2280
50.080,99.2898
50.090,101.9599
50.100,94.0676
50.110,104.6999
50.120,96.3427
50.130,101.2994
50.140,100.4708
50.150,92.3403
50.160,102.1375
50.170,93.4098
50.180,100.1683
50.190,100.3970
50.200,96.0707
50.210,95.4393
50.220,109.2688
50.230,109.4026
50.240,95.2502
50.250,105.3678
50.260,111.1250
50.270,107.4181
50.280,104.7957
50.290,100.5768
50.300,99.6874
50.310,106.4228
50.320,108.5398
50.330,109.9707
50.340,95.9673
50.350,103.1141
50.360,96.9657
50.370,101.7775
50.380,107.6962
50.390,105.4653
50.400,104.0395
50.410,105.6696
50.420,99.6570
50.430,101.5474
50.440,108.0244
50.450,103.2805
50.460,105.2885
50.470,98.6810
50.480,107.7256
50.490,110.4231
50.500,97.6496
50.510,109.0135
50.520,102.3398
50.530,106.7747
50.540,103.7831
50.550,99.8937
50.560,96.0580
50.570,95.1291
50.580,98.8633
50.590,95.3321
50.600,104.0720
50.610,101.2355
50.620,96.8191
50.630,103.6828
50.640,99.4231
50.650,105.4900
50.660,101.5479
50.670,94.3866
50.680,99.9977
50.690,92.6642
50.700,98.0850
50.710,101.9533
50.720,104.6498
50.730,96.6263
50.740,104.2557
50.750,91.0387
50.760,87.8123
50.770,102.2470
50.780,95.6831
50.790,95.6606
50.800,86.7512
50.810,99.0539
50.820,90.7648
50.830,85.0037
50.840,86.6045
50.850,96.8519
50.860,87.4200
50.870,96.1181
50.880,85.8929
50.890,91.4856
50.900,99.4170
50.910,88.5125
50.920,94.5105
50.930,95.8975
50.940,98.1782
50.950,96.9950
50.960,97.3511
50.970,87.6962
50.980,93.1930
50.990,83.7836
51.000,96.4995
51.010,93.5402
51.020,97.6257
51.030,84.6788
51.040,95.8880
51.050,81.1274
51.060,95.8936
51.070,92.2263
51.080,97.8104
51.090,89.1917
51.100,89.8388
51.110,95.1670
51.120,86.5848
51.130,84.1897
51.140,97.9644
51.150,94.9817
51.160,96.7309
51.170,98.0647
51.180,89.0087
51.190,94.9942
51.200,96.7832
51.210,97.3133
51.220,94.6820
51.230,90.3849
51.240,93.8443
51.250,93.1561
51.260,97.8225
51.270,100.3122
51.280,96.4516
51.290,84.5647
51.300,92.6897
51.310,92.0113
51.320,101.0612
51.330,92.2037
51.340,90.7086
51.350,99.9629
51.360,90.3089
51.370,89.7326
51.380,96.5978
51.390,98.3166
51.400,88.9172
51.410,92.4202
51.420,98.2494
51.430,100.1945
51.440,88.3873
51.450,95.4136
51.460,103.1653
51.470,90.1529
51.480,102.1297
51.490,99.6249
51.500,100.3146
51.510,90.7803
51.520,97.3024
51.530,101.0099
51.540,92.5608
51.550,96.9315
51.560,103.4757
51.570,100.9939
51.580,105.0429
51.590,92.9576
51.600,94.4693
51.610,94.3379
51.620,93.9730
51.630,98.3535
51.640,107.2139
51.650,96.2228
51.660,99.3023
51.670,102.8327
51.680,110.6432
51.690,105.3546
51.700,110.5010
51.710,102.1337
51.720,108.4448
51.730,108.2070
51.740,99.9508
51.750,102.5338
51.760,99.3798
51.770,98.3781
51.780,107.9613
51.790,101.7757
51.800,103.5074
51.810,103.8378
51.820,107.3313
51.830,108.1142
51.840,103.7382
51.850,107.9840
51.860,106.4786
51.870,99.7986
51.880,104.7053
51.890,106.5999
51.900,96.4663
51.910,106.9821
51.920,109.3667
51.930,94.2039
51.940,96.3960
51.950,95.6234
51.960,93.4851
51.970,99.1182
51.980,102.7468
51.990,93.0145
52.000,107.7353
52.010,105.5693
52.020,106.1515
52.030,91.9968
52.040,99.0367
52.050,102.3283
52.060,102.9264
52.070,103.2088
52.080,92.4664
52.090,101.5209
52.100,106.4357
52.110,92.9642
52.120,90.2970
52.130,99.3172
52.140,100.5784
52.150,102.3978
52.160,96.9175
52.170,91.5260
52.180,102.2213
52.190,94.4663
52.200,96.0313
52.210,100.0255
52.220,95.5158
52.230,88.4179
52.240,90.1902
52.250,102.3174
52.260,87.8629
52.270,84.6874
52.280,100.7131
52.290,94.5580
52.300,98.3677
52.310,91.1572
52.320,99.9920
52.330,88.2063
52.340,91.4647
52.350,94.6849
52.360,97.0734
52.370,98.2081
52.380,92.5618
52.390,88.1147
52.400,85.7655
52.410,96.1830
52.420,92.9599
52.430,90.6211
52.440,85.4144
52.450,92.8968
52.460,92.5510
52.470,97.0813
52.480,93.6127
52.490,90.6668
52.500,90.1750
52.510,88.6615
52.520,86.7255
52.530,81.4817
52.540,94.4244
52.550,96.0051
52.560,92.9427
52.570,93.3795
52.580,92.4064
52.590,92.7327
52.600,90.3608
52.610,85.8510
52.620,95.2536
52.630,98.3870
52.640,98.2370
52.650,86.9134
52.660,91.8807
52.670,89.9101
52.680,89.7173
52.690,92.6968
52.700,85.4194
52.710,85.1025
52.720,98.0589
52.730,90.7664
52.740,101.4268
52.750,95.8941
52.760,100.3170
52.770,94.2992
52.780,100.6247
52.790,102.9153
52.800,98.8942
52.810,88.0896
52.820,101.8697
52.830,100.3305
52.840,100.8739
52.850,89.0359
52.860,100.0226
52.870,100.0770
52.880,91.5535
52.890,102.9553
52.900,96.9238
52.910,92.0818
52.920,104.2973
52.930,98.7932
52.940,103.7611
52.950,103.4441
52.960,99.3749
52.970,106.2429
52.980,96.8707
52.990,94.0860
53.000,99.5121
53.010,93.0906
53.020,105.4360
53.030,96.5101
53.040,101.3531
53.050,97.5568
53.060,105.4881
53.070,97.1352
53.080,107.9183
53.090,94.2745
53.100,98.9059
53.110,108.8078
53.120,102.5720
53.130,99.0562
53.140,100.5492
53.150,100.9344
53.160,101.9660
53.170,107.9766
53.180,96.9749
53.190,99.9513
53.200,112.0808
53.210,96.0651
53.220,108.6554
53.230,99.2708
53.240,102.6278
53.250,98.6375
53.260,97.4476
53.270,96.7990
53.280,95.2927
53.290,105.0999
53.300,111.9026
53.310,110.1105
53.320,98.6926
53.330,94.7584
53.340,98.6697
53.350,95.1059
53.360,107.9655
53.370,98.4627
53.380,98.7866
53.390,106.6988
53.400,104.7621
53.410,103.8426
53.420,94.3231
53.430,94.9203
53.440,107.4536
53.450,102.0015
53.460,93.6651
53.470,98.2432
53.480,94.7625
53.490,103.4529
53.500,102.3517
53.510,94.6229
53.520,90.2895
53.530,90.4673
53.540,95.7135
53.550,91.9794
53.560,94.8234
53.570,105.0329
53.580,95.2812
53.590,94.3398
53.600,91.3839
53.610,91.9744
53.620,92.1783
53.630,102.1268
53.640,87.8953
53.650,99.0284
53.660,98.3181
53.670,98.7538
53.680,91.9878
53.690,91.3877
53.700,84.9601
53.710,98.0047
53.720,86.9325
53.730,95.9825
53.740,97.6852
53.750,85.5322
53.760,97.0193
53.770,100.0029
53.780,95.2092
53.790,84.4312
53.800,90.9817
53.810,96.9130
53.820,84.0079
53.830,92.4697
53.840,82.4584
53.850,87.4559
53.860,87.8163
53.870,83.7339
53.880,87.8362
53.890,96.4852
53.900,87.1177
53.910,95.8962
53.920,83.9301
53.930,95.0877
53.940,90.8640
53.950,91.3056
53.960,92.5735
53.970,88.3216
53.980,90.1641
53.990,85.4769
54.000,83.4868
54.010,98.1975
54.020,97.5109
54.030,95.7664
54.040,97.6361
54.050,90.2645
54.060,94.2596
54.070,94.9737
54.080,96.3681
54.090,98.1398
54.100,89.6356
54.110,88.8379
54.120,88.2741
54.130,91.1981
54.140,88.7890
54.150,88.3389
54.160,86.4307
54.170,97.0587
54.180,95.8305
54.190,101.7168
54.200,88.5467
54.210,90.5092
54.220,95.8208
54.230,89.0526
54.240,87.9495
54.250,101.4511
54.260,94.0993
54.270,104.3500
54.280,94.7902
54.290,94.5493
54.300,97.7262
54.310,90.8896
54.320,106.2553
54.330,90.7762
54.340,105.6986
54.350,93.8049
54.360,98.6926
54.370,99.1848
54.380,92.9788
54.390,93.3958
54.400,106.1726
54.410,98.4521
54.420,106.4318
54.430,109.5692
54.440,107.4728
54.450,106.0518
54.460,100.9264
54.470,102.9400
54.480,93.8917
54.490,97.9994
54.500,103.5494
54.510,110.4315
54.520,105.0245
54.530,95.1043
54.540,96.8864
54.550,104.4671
54.560,104.6610
54.570,111.3136
54.580,110.2819
54.590,104.8155
54.600,96.2519
54.610,107.8661
54.620,103.1632
54.630,106.6839
54.640,105.8927
54.650,111.2545
54.660,98.8737
54.670,99.3818
54.680,101.2002
54.690,102.2736
54.700,100.5208
54.710,111.6981
54.720,99.4318
54.730,112.0567
54.740,106.9297
54.750,103.9108
54.760,101.2571
54.770,97.2438
54.780,94.5341
54.790,109.5764
54.800,110.1181
54.810,98.2329
54.820,103.6478
54.830,100.0329
54.840,99.7245
54.850,103.8173
54.860,107.2739
54.870,100.2008
54.880,106.8917
54.890,94.0115
54.900,107.4714
54.910,108.3810
54.920,93.6767
54.930,108.0388
54.940,107.7056
54.950,107.2289
54.960,98.8734
54.970,96.2672
54.980,103.4950
54.990,93.5320
55.000,91.7298
55.010,90.9784
55.020,102.9031
55.030,97.4271
55.040,99.5560
55.050,87.9786
55.060,99.1833
55.070,92.6076
55.080,86.4929
55.090,93.5629
55.100,87.4968
55.110,87.3903
55.120,100.9301
55.130,99.8716
55.140,100.2255
55.150,92.2294
55.160,91.1064
55.170,97.0272
55.180,86.2279
55.190,91.1139
55.200,92.6457
55.210,95.6572
55.220,87.8209
55.230,84.9320
55.240,91.3444
55.250,92.2686
55.260,93.7462
55.270,84.7264
55.280,89.3659
55.290,89.9712
55.300,86.4112
55.310,98.6662
55.320,99.1927
55.330,97.5811
55.340,82.8662
55.350,89.5800
55.360,87.2373
55.370,88.9374
55.380,95.9433
55.390,95.2415
55.400,82.4205
55.410,98.0247
55.420,85.1118
55.430,88.7137
55.440,96.3188
55.450,97.1486
55.460,86.6465
55.470,85.8072
55.480,92.5969
55.490,85.7015
55.500,85.6827
55.510,100.7029
55.520,91.0132
55.530,91.0869
55.540,91.3288
55.550,88.4916
55.560,95.9776
55.570,99.3084
55.580,90.1279
55.590,98.9798
55.600,94.8841
55.610,91.1198
55.620,87.1898
55.630,100.0924
55.640,96.2914
55.650,98.4975
55.660,91.2048
55.670,92.5914
55.680,89.6581
55.690,88.2961
55.700,88.4882
55.710,101.3139
55.720,92.3517
55.730,91.0759
55.740,103.6693
55.750,93.4937
55.760,95.4152
55.770,105.4246
55.780,103.1365
55.790,106.8240
55.800,102.8020
55.810,93.5385
55.820,98.3576
55.830,99.0096
55.840,102.6766
55.850,93.7647
55.860,102.3587
55.870,105.2817
55.880,100.8138
55.890,110.6228
55.900,106.6587
55.910,100.3174
55.920,96.6676
55.930,106.3739
55.940,98.8589
55.950,108.3140
55.960,105.9581
55.970,107.2127
55.980,98.1642
55.990,109.1418
56.000,103.6061
56.010,103.6644
56.020,111.8008
56.030,112.1717
56.040,111.9276
56.050,102.1115
56.060,96.2395
56.070,96.0912
56.080,104.1309
56.090,96.8618
56.100,108.9820
56.110,101.1775
56.120,102.3403
56.130,103.7956
56.140,110.0144
56.150,102.6162
56.160,105.9006
56.170,102.9819
56.180,106.5297
56.190,104.8012
56.200,98.2739
56.210,96.7087
56.220,97.6155
56.230,95.7252
56.240,103.8851
56.250,105.5317
56.260,104.0730
56.270,101.4638
56.280,110.2191
56.290,100.8430
56.300,104.2629
56.310,99.1562
56.320,100.7152
56.330,105.2040
56.340,99.6426
56.350,108.4609
56.360,108.2526
56.370,98.3694
56.380,104.9838
56.390,90.3377
56.400,96.2038
56.410,90.6130
56.420,100.4393
56.430,90.2224
56.440,101.3406
56.450,103.8278
56.460,101.3657
56.470,100.4993
56.480,100.9207
56.490,104.0061
56.500,92.5428
56.510,90.9655
56.520,98.1322
56.530,100.8223
56.540,94.7773
56.550,87.1151
56.560,100.7628
56.570,98.3908
56.580,95.9076
56.590,93.8261
56.600,95.0549
56.610,90.3439
56.620,85.5099
56.630,91.1893
56.640,90.8286
56.650,95.1150
56.660,90.7664
56.670,92.7320
56.680,86.0982
56.690,97.3693
56.700,96.8914
56.710,87.9825
56.720,92.9911
56.730,84.2095
56.740,92.6814
56.750,98.2967
56.760,86.5295
56.770,88.0562
56.780,83.7181
56.790,95.9441
56.800,93.7231
56.810,90.8388
56.820,93.6826
56.830,97.8506
56.840,86.3513
56.850,93.1845
56.860,90.5601
56.870,86.3381
56.880,96.3563
56.890,91.6026
56.900,85.6213
56.910,94.2059
56.920,91.2258
56.930,98.8647
56.940,99.7231
56.950,87.9861
56.960,93.1139
56.970,96.9225
56.980,90.2284
56.990,87.8783
57.000,97.8347
57.010,88.3042
57.020,89.7142
57.030,95.4905
57.040,92.2981
57.050,88.3060
57.060,102.7808
57.070,91.7752
57.080,99.0954
57.090,93.7880
57.100,103.2449
57.110,98.4370
57.120,95.1528
57.130,103.6841
57.140,101.3747
57.150,103.9331
57.160,92.2923
57.170,99.9016
57.180,106.5952
57.190,103.1290
57.200,104.8136
57.210,101.4174
57.220,95.2181
57.230,93.6104
57.240,97.8093
57.250,93.5672
57.260,101.4325
57.270,101.1328
57.280,94.0331
57.290,93.9857
57.300,99.3105
57.310,108.0610
57.320,108.4743
57.330,99.1285
57.340,100.3000
57.350,106.0031
57.360,96.9441
57.370,102.7571
57.380,100.1147
57.390,102.6567
57.400,102.6303
57.410,103.8615
57.420,107.3256
57.430,109.5382
57.440,106.6893
57.450,103.0263
57.460,111.4985
57.470,111.4078
57.480,110.6681
57.490,104.5691
57.500,98.4074
57.510,97.4534
57.520,99.3208
57.530,103.2523
57.540,112.1744
57.550,105.9715
57.560,96.6252
57.570,106.8022
57.580,109.1065
57.590,111.3290
57.600,103.1925
57.610,109.6007
57.620,109.7823
57.630,103.6426
57.640,109.4841
57.650,101.4659
57.660,94.6852
57.670,105.2869
57.680,103.9785
57.690,107.1474
57.700,94.8929
57.710,109.4233
57.720,101.0279
57.730,102.4156
57.740,106.2749
57.750,100.0720
57.760,102.7196
57.770,99.1837
57.780,104.7681
57.790,106.1333
57.800,107.2216
57.810,97.4601
57.820,95.0330
57.830,99.3921
57.840,96.1507
57.850,93.3547
57.860,105.6796
57.870,105.0566
57.880,95.9888
57.890,101.1204
57.900,88.8462
57.910,103.9066
57.920,92.6183
57.930,100.4972
57.940,103.5473
57.950,86.8879
57.960,101.3246
57.970,98.8902
57.980,96.1839
57.990,102.3585
58.000,95.8796
58.010,91.0075
58.020,101.8323
58.030,93.3027
58.040,93.8793
58.050,87.4576
58.060,85.6769
58.070,84.5684
58.080,94.4145
58.090,91.0973
58.100,91.4476
58.110,91.9966
58.120,99.8318
58.130,83.9478
58.140,94.2854
58.150,86.0080
58.160,89.3159
58.170,89.4962
58.180,99.1330
58.190,84.7659
58.200,95.9202
58.210,85.0112
58.220,82.5730
58.230,95.0464
58.240,92.8942
58.250,95.5970
58.260,89.4678
58.270,83.6188
58.280,93.6426
58.290,94.0895
58.300,84.0588
58.310,88.2977
58.320,99.3176
58.330,89.5370
58.340,93.1042
58.350,92.1776
58.360,93.8645
58.370,93.0292
58.380,100.6624
58.390,96.8222
58.400,92.5085
58.410,89.1400
58.420,87.4525
58.430,99.0402
58.440,90.7741
58.450,90.3151
58.460,96.8140
58.470,90.9058
58.480,90.4931
58.490,93.9635
58.500,91.4610
58.510,100.5534
58.520,92.9303
58.530,95.2398
58.540,94.7651
58.550,102.0455
58.560,105.8808
58.570,101.5506
58.580,106.1031
58.590,95.7041
58.600,102.3886
58.610,91.3223
58.620,96.5000
58.630,101.4737
58.640,103.3752
58.650,106.1381
58.660,102.0792
58.670,103.9568
58.680,101.7493
58.690,98.1223
58.700,101.9877
58.710,97.2000
58.720,108.7590
58.730,95.4676
58.740,106.4843
58.750,106.6742
58.760,98.7324
58.770,99.8216
58.780,109.1343
58.790,97.3877
58.800,95.4835
58.810,96.1335
58.820,104.2194
58.830,112.5756
58.840,109.9160
58.850,106.0413
58.860,98.0052
58.870,106.4197
58.880,101.8516
58.890,103.9343
58.900,98.5343
58.910,102.2165
58.920,99.7782
58.930,101.1897
58.940,106.3004
58.950,106.9401
58.960,99.4554
58.970,111.0905
58.980,110.4263
58.990,97.0532
59.000,104.9865
59.010,106.2920
59.020,100.8523
59.030,96.5328
59.040,109.6797
59.050,112.0072
59.060,107.1805
59.070,104.8574
59.080,100.5764
59.090,103.7414
59.100,111.0263
59.110,100.7920
59.120,101.7260
59.130,97.9389
59.140,106.4628
59.150,103.9437
59.160,103.8094
59.170,95.6035
59.180,96.2186
59.190,101.2014
59.200,98.6394
59.210,95.7389
59.220,91.9651
59.230,94.4174
59.240,95.0046
59.250,91.3391
59.260,101.1842
59.270,100.3930
59.280,105.4859
59.290,90.3917
59.300,102.6864
59.310,93.9180
59.320,99.8135
59.330,89.8110
59.340,102.2500
59.350,99.1541
59.360,87.8317
59.370,99.6458
59.380,101.8479
59.390,92.7872
59.400,90.1141
59.410,87.6847
59.420,99.3589
59.430,97.7514
59.440,90.1788
59.450,97.1779
59.460,100.8095
59.470,90.0171
59.480,92.5802
59.490,91.9948
59.500,91.1390
59.510,84.2884
59.520,92.6832
59.530,87.2242
59.540,93.9702
59.550,86.1834
59.560,84.4428
59.570,97.6761
59.580,84.4477
59.590,97.5285
59.600,85.2699
59.610,95.8612
59.620,84.2787
59.630,85.4478
59.640,87.9039
59.650,84.1971
59.660,94.9600
59.670,99.6520
59.680,97.6566
59.690,96.2183
59.700,90.4768
59.710,87.1937
59.720,96.9790
59.730,86.6105
59.740,94.1473
59.750,100.2037
59.760,100.8802
59.770,95.3175
59.780,87.8839
59.790,85.5794
59.800,86.9548
59.810,90.3137
59.820,98.1139
59.830,85.2510
59.840,100.2036
59.850,93.6058
59.860,101.2521
59.870,99.0357
59.880,102.5041
59.890,88.6742
59.900,101.9479
59.910,87.9614
59.920,91.4337
59.930,92.3778
59.940,93.3342
59.950,101.5113
59.960,102.9641
59.970,102.0882
59.980,99.2609
59.990,91.4485
